Year,Quarter,Country,PaxToIndia,PaxFromIndia,FreightToIndia,FreightFromIndia
15,1,AFGHANISTAN,37194,32721,96.72,676.42
15,2,AFGHANISTAN,26708,30315,118.03,507.01
15,3,AFGHANISTAN,27081,20488,103.26,520.70
15,4,AFGHANISTAN,24290,18712,276.15,755.51
16,1,AFGHANISTAN,39719,38601,200.33,1409.55
16,2,AFGHANISTAN,22483,27131,208.44,1166.18
16,3,AFGHANISTAN,28759,24894,327.74,1307.04
16,4,AFGHANISTAN,37827,32386,284.58,1440.70
17,1,AFGHANISTAN,45563,43380,342.48,1244.15
17,2,AFGHANISTAN,32611,39322,185.44,1203.55
17,3,AFGHANISTAN,32098,27163,115.02,623.55
17,4,AFGHANISTAN,42144,36124,248.24,1186.97
18,1,AFGHANISTAN,45101,46512,188.08,1046.26
18,2,AFGHANISTAN,32920,41336,176.90,1058.40
18,3,AFGHANISTAN,37411,34117,300.04,1174.03
18,4,AFGHANISTAN,34939,34098,478.65,1659.44
19,1,AFGHANISTAN,38170,44538,318.60,1368.26
19,2,AFGHANISTAN,13509,23888,58.02,956.35
19,3,AFGHANISTAN,8249,5648,150.48,844.41
19,4,AFGHANISTAN,14028,13013,259.45,527.39
20,1,AFGHANISTAN,24404,28034,406.79,825.52
20,2,AFGHANISTAN,3661,8410,36.57,603.52
20,3,AFGHANISTAN,1694,2777,251.74,613.13
20,4,AFGHANISTAN,10122,7836,917.16,1158.88
21,1,AFGHANISTAN,20372,17674,312.86,1634.54
21,2,AFGHANISTAN,8610,13179,543.71,1220.82
21,3,AFGHANISTAN,7941,5129,361.58,920.57
22,1,AFGHANISTAN,0,0,0.00,115.49
22,2,AFGHANISTAN,3,64,0.00,1.22
22,3,AFGHANISTAN,113,5,1.61,141.42
22,4,AFGHANISTAN,41,30,21.28,109.96
23,1,AFGHANISTAN,4,0,32.36,122.67
23,2,AFGHANISTAN,3,3,147.02,159.76
23,3,AFGHANISTAN,0,0,1.61,94.83
23,4,AFGHANISTAN,0,0,39.15,166.48
24,1,AFGHANISTAN,0,0,1.63,79.80
24,2,AFGHANISTAN,77,120,32.43,159.91
24,3,AFGHANISTAN,173,202,99.79,128.73
24,4,AFGHANISTAN,188,261,93.83,111.33
25,1,AFGHANISTAN,148,200,123.36,102.55
25,2,AFGHANISTAN,154,271,130.39,119.17
25,3,AFGHANISTAN,283,256,798.01,255.48
20,2,ARMENIA,232,27,0.00,0.00
20,3,ARMENIA,439,49,0.00,0.00
21,2,ARMENIA,0,508,0.00,0.00
21,3,ARMENIA,77,16311,0.00,0.00
15,1,AUSTRALIA,16676,19075,89.66,423.66
15,2,AUSTRALIA,13117,17522,120.28,360.29
15,3,AUSTRALIA,15141,19595,306.50,291.66
15,4,AUSTRALIA,18058,19300,150.82,402.42
16,1,AUSTRALIA,16981,20040,109.50,328.68
16,2,AUSTRALIA,15797,19323,51.25,210.13
16,3,AUSTRALIA,16293,19737,77.23,220.57
16,4,AUSTRALIA,19627,20454,142.72,335.72
17,1,AUSTRALIA,16701,19729,116.14,294.24
17,2,AUSTRALIA,17987,19549,93.87,248.21
17,3,AUSTRALIA,18485,19459,186.05,453.79
17,4,AUSTRALIA,19065,20407,296.31,508.79
18,1,AUSTRALIA,18498,21504,346.23,403.33
18,2,AUSTRALIA,19315,22332,324.46,268.99
18,3,AUSTRALIA,18336,21979,365.69,394.78
18,4,AUSTRALIA,22640,22932,367.94,586.78
19,1,AUSTRALIA,20146,23900,294.27,497.56
19,2,AUSTRALIA,21194,23698,265.95,257.94
19,3,AUSTRALIA,20742,24211,253.48,366.23
19,4,AUSTRALIA,23384,22747,409.41,465.18
20,1,AUSTRALIA,20146,21724,371.87,400.31
20,2,AUSTRALIA,3408,2197,3.85,29.69
20,3,AUSTRALIA,5029,1329,45.87,146.28
20,4,AUSTRALIA,2758,1248,151.65,111.59
21,1,AUSTRALIA,1703,799,73.32,22.29
21,2,AUSTRALIA,131,257,13.11,20.70
21,4,AUSTRALIA,6460,6158,90.96,102.81
22,1,AUSTRALIA,49124,54194,254.72,559.75
22,2,AUSTRALIA,42619,60542,503.30,982.19
22,3,AUSTRALIA,43851,55736,445.25,1199.11
22,4,AUSTRALIA,51150,54343,465.12,1001.58
23,1,AUSTRALIA,48531,52525,524.55,884.80
23,2,AUSTRALIA,49750,48477,711.08,664.93
23,3,AUSTRALIA,45757,49212,552.66,1175.55
23,4,AUSTRALIA,52746,49584,518.66,1050.14
24,1,AUSTRALIA,63574,64569,714.36,1016.72
24,2,AUSTRALIA,55635,57579,1148.34,987.13
24,3,AUSTRALIA,53436,58785,984.51,1410.40
24,4,AUSTRALIA,60562,57660,1012.03,1454.33
25,1,AUSTRALIA,59776,59656,1005.86,1414.20
25,2,AUSTRALIA,58783,58296,1128.43,1709.55
25,3,AUSTRALIA,44216,44599,1326.04,2207.74
15,1,AUSTRIA,13318,15529,563.77,707.03
15,2,AUSTRIA,10481,16315,518.18,665.83
15,3,AUSTRIA,14994,16733,513.98,732.10
15,4,AUSTRIA,15418,11621,431.54,624.44
16,1,AUSTRIA,10892,13463,453.85,588.43
16,2,AUSTRIA,6363,8275,125.77,87.50
16,3,AUSTRIA,7938,8010,95.26,78.68
16,4,AUSTRIA,7903,5746,195.14,86.73
17,1,AUSTRIA,6916,7745,166.55,144.50
17,2,AUSTRIA,5864,7217,216.36,115.71
17,3,AUSTRIA,6724,6609,314.61,143.90
17,4,AUSTRIA,8660,5429,295.46,166.35
18,1,AUSTRIA,8369,7938,229.18,117.43
18,2,AUSTRIA,8394,8171,211.67,161.78
18,3,AUSTRIA,10712,9038,266.16,185.43
18,4,AUSTRIA,11463,6856,317.72,161.08
19,1,AUSTRIA,10179,10463,234.93,121.39
19,2,AUSTRIA,9990,11032,145.71,193.12
19,3,AUSTRIA,10351,8941,209.67,134.40
19,4,AUSTRIA,11645,6814,299.71,202.44
20,1,AUSTRIA,7817,8552,244.42,170.39
21,2,AUSTRIA,0,0,17.27,0.00
22,3,AUSTRIA,0,0,0.00,350.16
23,1,AUSTRIA,3470,4237,63.24,1205.65
23,2,AUSTRIA,6234,7828,155.06,1331.18
23,3,AUSTRIA,7339,8585,235.59,1104.77
23,4,AUSTRIA,9384,6706,173.37,275.22
24,1,AUSTRIA,8994,8784,237.94,1066.54
24,2,AUSTRIA,6659,7721,210.88,1076.17
24,3,AUSTRIA,7842,8225,81.66,1385.55
24,4,AUSTRIA,9746,7045,235.94,215.81
25,1,AUSTRIA,9092,9314,264.40,990.34
25,2,AUSTRIA,8442,9422,217.02,1508.28
25,3,AUSTRIA,7416,6960,420.97,1272.93
17,1,AZERBAIJAN,8414,8600,0.00,0.00
17,2,AZERBAIJAN,0,0,0.00,0.00
17,3,AZERBAIJAN,0,0,0.00,0.00
17,4,AZERBAIJAN,0,0,0.00,0.00
18,1,AZERBAIJAN,0,0,0.00,0.00
20,3,AZERBAIJAN,139,468,0.00,0.00
22,3,AZERBAIJAN,461,420,0.00,0.00
22,4,AZERBAIJAN,3022,2494,0.00,0.00
23,1,AZERBAIJAN,602,799,0.00,0.00
23,2,AZERBAIJAN,4636,4518,0.00,87.53
23,3,AZERBAIJAN,10340,10499,0.01,54.99
23,4,AZERBAIJAN,13102,13083,0.00,68.60
24,1,AZERBAIJAN,13518,14956,0.00,45.20
24,2,AZERBAIJAN,22479,23093,0.00,91.36
24,3,AZERBAIJAN,22342,22628,0.94,75.76
24,4,AZERBAIJAN,20460,19890,0.02,86.28
25,1,AZERBAIJAN,20795,20708,1.75,104.40
25,2,AZERBAIJAN,14973,15102,0.07,137.38
25,3,AZERBAIJAN,5726,5519,0.41,110.16
15,1,BAHRAIN,114087,133527,585.73,1909.50
15,2,BAHRAIN,131510,134465,675.88,2292.00
15,3,BAHRAIN,118138,128285,193.66,2396.68
15,4,BAHRAIN,134988,122700,223.30,2183.67
16,1,BAHRAIN,131984,143946,217.06,2148.66
16,2,BAHRAIN,141578,135486,247.30,2284.15
16,3,BAHRAIN,138471,142711,215.47,2141.62
16,4,BAHRAIN,135094,127186,259.55,2271.90
17,1,BAHRAIN,127547,140955,228.30,2373.57
17,2,BAHRAIN,147406,130157,262.87,2453.66
17,3,BAHRAIN,129177,138054,190.87,2502.99
17,4,BAHRAIN,133827,125136,315.96,2341.71
18,1,BAHRAIN,129911,129514,327.84,2319.27
18,2,BAHRAIN,156798,140621,379.29,2063.08
18,3,BAHRAIN,158686,165839,2007.25,2363.77
18,4,BAHRAIN,172634,155296,1951.74,2628.91
19,1,BAHRAIN,162066,166862,1551.40,2387.76
19,2,BAHRAIN,180161,166137,1597.59,2666.96
19,3,BAHRAIN,154288,171031,70.15,2402.53
19,4,BAHRAIN,176968,158655,1656.85,2276.89
20,1,BAHRAIN,133973,133836,768.41,2202.10
20,2,BAHRAIN,10725,2765,148.26,621.53
20,3,BAHRAIN,18887,5318,477.35,453.22
20,4,BAHRAIN,23632,18534,520.58,423.18
21,1,BAHRAIN,24254,19062,723.78,539.80
21,2,BAHRAIN,17504,24435,812.24,557.84
21,3,BAHRAIN,26986,31724,596.62,545.07
21,4,BAHRAIN,44417,53315,770.33,1643.12
22,1,BAHRAIN,37769,56757,96.11,1033.42
22,2,BAHRAIN,119703,148019,140.10,1747.82
22,3,BAHRAIN,115692,174148,73.82,1693.21
22,4,BAHRAIN,171985,169518,91.67,1733.65
23,1,BAHRAIN,153115,192963,121.74,1731.44
23,2,BAHRAIN,182537,181475,97.67,2118.94
23,3,BAHRAIN,155797,211032,80.18,1832.70
23,4,BAHRAIN,189719,178757,81.66,2196.02
24,1,BAHRAIN,162465,195291,51.48,2055.64
24,2,BAHRAIN,193063,188345,334.01,2272.19
24,3,BAHRAIN,168422,213426,511.61,2135.51
24,4,BAHRAIN,172008,155100,217.61,2268.41
25,1,BAHRAIN,148540,173515,69.67,1932.11
25,2,BAHRAIN,191054,172527,156.78,2363.91
25,3,BAHRAIN,178897,218066,46.96,2183.49
15,1,BANGLADESH,76357,75673,624.12,1052.86
15,2,BANGLADESH,66500,75791,660.18,1447.08
15,3,BANGLADESH,73625,79360,639.98,827.57
15,4,BANGLADESH,82047,86946,681.58,805.36
16,1,BANGLADESH,83989,89379,656.87,771.34
16,2,BANGLADESH,82053,87300,765.89,1634.30
16,3,BANGLADESH,83101,92098,812.61,646.45
16,4,BANGLADESH,86076,89260,656.78,759.64
17,1,BANGLADESH,110269,114158,676.84,650.43
17,2,BANGLADESH,119747,118237,595.68,1540.01
17,3,BANGLADESH,111941,130344,809.25,559.46
17,4,BANGLADESH,135508,140503,819.15,857.80
18,1,BANGLADESH,140654,147950,606.03,720.72
18,2,BANGLADESH,127857,137435,591.18,1740.31
18,3,BANGLADESH,143134,152811,979.11,787.65
18,4,BANGLADESH,163602,164657,835.49,1996.37
19,1,BANGLADESH,159694,171778,449.73,1903.82
19,2,BANGLADESH,119004,124756,106.46,1898.57
19,3,BANGLADESH,169578,172933,1418.08,2179.79
19,4,BANGLADESH,144056,137870,884.14,2066.75
20,1,BANGLADESH,133264,134179,1026.57,2362.05
20,2,BANGLADESH,3499,1444,367.19,857.29
20,3,BANGLADESH,904,397,586.91,999.95
20,4,BANGLADESH,13059,14383,429.19,937.37
21,1,BANGLADESH,30327,33327,540.91,2384.75
21,2,BANGLADESH,5091,5377,714.54,2126.49
21,3,BANGLADESH,4210,4847,1094.22,2617.98
21,4,BANGLADESH,38373,39566,1482.62,3723.79
22,1,BANGLADESH,47763,45293,452.04,2935.42
22,2,BANGLADESH,82018,88849,185.42,973.34
22,3,BANGLADESH,103730,105071,248.21,865.05
22,4,BANGLADESH,126063,125296,191.48,870.98
23,1,BANGLADESH,142900,133704,379.34,1786.41
23,2,BANGLADESH,135726,132232,392.53,572.29
23,3,BANGLADESH,159577,137072,650.19,496.57
23,4,BANGLADESH,174609,159215,823.49,595.62
24,1,BANGLADESH,154806,166619,759.37,806.47
24,2,BANGLADESH,166024,174779,790.38,910.96
24,3,BANGLADESH,140642,143956,1291.68,684.39
24,4,BANGLADESH,119792,109893,947.19,946.81
25,1,BANGLADESH,134657,105818,984.46,1056.72
25,2,BANGLADESH,115512,121641,1025.89,618.71
25,3,BANGLADESH,129525,105658,1483.83,824.15
15,1,BELGIUM,21266,25172,1487.88,1141.33
15,2,BELGIUM,18593,23206,1404.24,1336.35
15,3,BELGIUM,22725,22683,1207.26,1273.12
15,4,BELGIUM,24329,20865,1321.98,1289.52
16,1,BELGIUM,18265,20635,1148.97,930.88
16,2,BELGIUM,0,0,0.00,0.00
16,3,BELGIUM,0,0,0.00,0.00
16,4,BELGIUM,0,0,0.00,0.00
17,1,BELGIUM,465,237,8.77,2.15
17,2,BELGIUM,11657,14590,471.02,757.49
17,3,BELGIUM,11983,13381,480.70,751.06
17,4,BELGIUM,15153,10895,710.79,1084.61
18,1,BELGIUM,12373,17237,825.42,898.65
18,2,BELGIUM,10682,13828,612.92,840.36
18,3,BELGIUM,12370,14021,505.51,710.78
18,4,BELGIUM,16216,10017,463.27,719.85
19,1,BELGIUM,669,1430,0.00,0.00
20,2,BELGIUM,303,208,0.00,349.81
20,3,BELGIUM,0,6,0.00,133.86
21,1,BELGIUM,0,0,80.88,78.93
21,2,BELGIUM,0,0,118.53,390.32
21,3,BELGIUM,0,0,66.82,246.28
21,4,BELGIUM,0,0,2.82,418.46
24,2,BELGIUM,0,0,0.00,36.28
15,1,BHUTAN,6251,6424,0.88,7.97
15,2,BHUTAN,12345,11908,0.85,15.38
15,3,BHUTAN,6868,6799,1.05,13.97
15,4,BHUTAN,11121,9721,1.03,16.79
16,1,BHUTAN,9083,9821,3.86,15.92
16,2,BHUTAN,15185,15796,0.74,20.54
16,3,BHUTAN,10566,10821,1.28,18.72
16,4,BHUTAN,13170,13286,1.04,20.55
17,1,BHUTAN,9651,9753,1.43,16.99
17,2,BHUTAN,16706,17583,0.61,22.40
17,3,BHUTAN,11854,11726,0.74,24.52
17,4,BHUTAN,15030,14019,0.90,23.27
18,1,BHUTAN,10931,10399,0.88,24.59
18,2,BHUTAN,17676,17412,0.74,32.57
18,3,BHUTAN,13808,13377,1.12,18.30
18,4,BHUTAN,17888,17337,0.77,20.02
19,1,BHUTAN,12882,12957,0.55,21.22
19,2,BHUTAN,21794,21771,0.35,23.35
19,3,BHUTAN,9053,10077,0.75,25.55
19,4,BHUTAN,15793,15448,1.38,23.12
20,1,BHUTAN,3964,3610,0.98,1.60
20,2,BHUTAN,0,78,0.00,0.01
20,3,BHUTAN,124,119,0.04,4.74
20,4,BHUTAN,234,134,0.18,0.45
21,1,BHUTAN,95,176,0.00,1.29
21,2,BHUTAN,159,200,0.00,1.34
21,3,BHUTAN,1411,1391,0.47,22.87
21,4,BHUTAN,2267,2106,0.89,20.80
22,1,BHUTAN,1522,1397,1.42,12.75
22,2,BHUTAN,3812,3522,0.57,18.52
22,3,BHUTAN,6337,5462,1.23,17.86
22,4,BHUTAN,8808,8029,1.04,20.23
23,1,BHUTAN,8301,7838,2.00,11.19
23,2,BHUTAN,11521,10584,1.37,16.24
23,3,BHUTAN,9481,7911,0.82,10.23
23,4,BHUTAN,12143,10935,1.35,13.44
24,1,BHUTAN,11217,11652,0.88,15.80
24,2,BHUTAN,16615,16938,1.05,7.07
24,3,BHUTAN,9486,11655,1.30,3.73
24,4,BHUTAN,14913,14291,1.52,4.96
25,1,BHUTAN,13101,13059,1.47,7.09
25,2,BHUTAN,15628,14401,1.89,8.38
25,3,BHUTAN,9711,10831,1.97,17.28
25,2,BRUNEI DARUSSALAM,2449,2830,47.51,51.96
25,3,BRUNEI DARUSSALAM,1824,2181,23.39,58.09
21,3,BULGARIA,0,0,0.00,179.22
15,1,BURMA,9540,9192,0.57,9.17
15,2,BURMA,3688,4361,0.36,9.89
15,3,BURMA,2339,2069,0.19,14.19
15,4,BURMA,7124,6714,0.29,22.14
16,1,BURMA,9006,9252,0.88,28.76
16,2,BURMA,3203,4256,0.06,8.65
16,3,BURMA,2372,1866,0.00,22.91
16,4,BURMA,13609,12597,0.04,29.67
17,1,BURMA,12507,12482,1.00,30.78
17,2,BURMA,4469,6028,17.24,56.12
17,3,BURMA,3228,2843,2.23,50.80
17,4,BURMA,11921,10902,0.14,78.07
18,1,BURMA,13520,13166,0.11,49.75
18,2,BURMA,4979,5958,0.90,59.59
18,3,BURMA,3522,3186,0.00,43.12
18,4,BURMA,12673,11460,0.19,66.93
19,1,BURMA,13358,13443,0.07,73.78
19,2,BURMA,5046,5733,0.00,54.09
19,3,BURMA,4120,3589,1.31,87.42
19,4,BURMA,22930,20556,9.23,169.20
20,1,BURMA,15913,17879,10.48,90.92
20,2,BURMA,81,19,38.45,521.11
20,3,BURMA,246,232,32.08,814.92
20,4,BURMA,684,449,136.27,671.67
21,1,BURMA,1217,567,15.00,218.22
21,2,BURMA,437,184,267.43,404.10
21,3,BURMA,307,105,490.77,1489.88
21,4,BURMA,1534,942,374.78,805.93
22,1,BURMA,712,785,62.50,324.66
22,2,BURMA,1157,1402,0.13,4.92
22,3,BURMA,1249,1155,7.17,6.74
22,4,BURMA,2259,1815,8.36,4.19
23,1,BURMA,4964,4723,17.64,21.09
23,2,BURMA,3515,3467,2.65,28.42
23,3,BURMA,4069,2822,10.26,30.45
23,4,BURMA,8020,6433,29.55,38.97
24,1,BURMA,11307,9055,44.65,35.90
24,2,BURMA,5289,4421,27.26,21.35
24,3,BURMA,1688,1222,0.14,20.44
24,4,BURMA,6302,5786,12.73,11.70
25,1,BURMA,4706,4060,8.43,14.39
25,2,BURMA,5442,6056,15.45,11.79
25,3,BURMA,3113,3248,11.87,24.67
20,2,CAMBODIA,160,34,0.00,37.81
20,3,CAMBODIA,144,83,2.02,1.01
20,4,CAMBODIA,306,15,0.00,0.00
21,2,CAMBODIA,146,75,0.00,0.00
15,1,CANADA,13272,12611,82.47,85.05
15,2,CANADA,9404,13262,73.93,75.04
15,3,CANADA,11480,12780,85.45,40.59
15,4,CANADA,22728,21274,1280.53,450.00
16,1,CANADA,28745,29291,867.18,522.88
16,2,CANADA,21579,29078,187.26,358.83
16,3,CANADA,25816,25629,227.26,608.08
16,4,CANADA,40920,36526,294.35,630.32
17,1,CANADA,42723,44024,318.43,729.16
17,2,CANADA,26492,36945,410.02,407.47
17,3,CANADA,35925,38526,278.30,565.71
17,4,CANADA,62639,57461,612.53,1222.36
18,1,CANADA,66389,68591,826.47,990.86
18,2,CANADA,19484,28697,401.39,194.42
18,3,CANADA,23947,25572,189.54,233.31
18,4,CANADA,68884,56486,622.43,1320.84
19,1,CANADA,66885,71232,487.05,1084.26
19,2,CANADA,31146,38441,36.66,171.76
19,3,CANADA,48066,626,1666.28,12.66
19,4,CANADA,70753,57756,397.47,1194.26
20,1,CANADA,10831,10769,180.80,130.39
20,2,CANADA,4637,8396,7.43,20.28
20,3,CANADA,13514,35856,155.14,221.64
20,4,CANADA,44379,37273,511.83,1242.23
21,1,CANADA,48354,61364,517.23,920.34
21,2,CANADA,9131,18231,157.62,251.01
21,3,CANADA,2284,4109,25.61,67.55
21,4,CANADA,98087,109161,719.28,955.57
22,1,CANADA,102731,114245,601.00,1222.30
22,2,CANADA,72040,93367,860.37,1209.81
22,3,CANADA,77745,85892,1133.44,1234.54
22,4,CANADA,93761,82586,1044.77,1363.45
23,1,CANADA,87046,86177,712.02,1485.81
23,2,CANADA,82309,91995,755.10,1801.39
23,3,CANADA,87374,95485,818.62,1586.64
23,4,CANADA,98827,93886,667.99,1991.64
24,1,CANADA,98934,99782,772.24,1804.34
24,2,CANADA,82383,95518,712.01,1729.27
24,3,CANADA,94551,96800,773.74,1852.57
24,4,CANADA,118781,101318,1273.95,2561.62
25,1,CANADA,127917,128357,1295.87,2176.36
25,2,CANADA,85741,97024,795.59,1325.08
25,3,CANADA,76294,73597,1236.69,2505.18
15,1,CHINA,53072,60558,3212.24,2092.64
15,2,CHINA,55533,60929,4002.33,2029.35
15,3,CHINA,56476,54610,3669.76,1736.26
15,4,CHINA,81441,76567,3884.03,1894.15
16,1,CHINA,74935,78472,3253.24,2069.84
16,2,CHINA,69607,79646,3483.53,2129.69
16,3,CHINA,70802,65750,3511.62,1884.94
16,4,CHINA,96971,90789,4760.90,2562.92
17,1,CHINA,90038,95033,3882.28,2211.95
17,2,CHINA,74023,82057,8589.34,2127.89
17,3,CHINA,68719,64706,5217.34,2137.28
17,4,CHINA,90622,84831,5733.34,2418.27
18,1,CHINA,88430,95459,4568.64,2760.75
18,2,CHINA,88860,104304,7360.71,4299.73
18,3,CHINA,99242,91725,7420.99,2576.47
18,4,CHINA,112491,106970,7617.14,2958.69
19,1,CHINA,105588,107728,6407.13,2737.05
19,2,CHINA,105956,123301,6016.16,3143.44
19,3,CHINA,102512,98118,5126.52,2314.91
19,4,CHINA,126948,120758,5829.87,2715.72
20,1,CHINA,50839,42481,2570.83,1341.90
20,2,CHINA,269,1040,4126.69,967.85
20,3,CHINA,323,1616,2421.23,1407.91
20,4,CHINA,261,274,2785.19,1636.74
21,1,CHINA,0,0,2183.99,1783.90
21,2,CHINA,0,0,4831.25,1907.67
21,3,CHINA,0,0,3772.46,1943.46
21,4,CHINA,0,0,5605.99,1822.67
22,1,CHINA,0,0,4249.20,1618.41
22,2,CHINA,0,0,8552.19,2230.19
22,3,CHINA,0,0,8973.36,2252.79
22,4,CHINA,0,0,10330.72,1891.16
23,1,CHINA,0,0,9849.38,2189.39
23,2,CHINA,0,0,7044.85,766.58
23,3,CHINA,0,0,6365.03,708.51
23,4,CHINA,0,0,1402.28,934.71
24,1,CHINA,0,0,4247.32,722.40
24,2,CHINA,0,0,3995.57,418.80
24,3,CHINA,0,0,5401.69,393.08
24,4,CHINA,0,0,7935.00,449.19
25,1,CHINA,0,0,5344.33,357.33
25,2,CHINA,0,0,9429.27,1281.97
25,3,CHINA,0,0,9519.12,2438.07
21,2,CROATIA,0,28,0.00,0.00
17,3,DENMARK,1124,734,7.69,49.55
17,4,DENMARK,8442,6218,115.96,266.25
18,1,DENMARK,7940,8812,151.30,238.10
18,2,DENMARK,7616,8794,154.23,274.20
18,3,DENMARK,9838,9796,247.76,375.52
18,4,DENMARK,11307,7466,299.33,314.83
19,1,DENMARK,10173,10752,296.79,434.75
19,2,DENMARK,9865,10950,220.78,496.03
19,3,DENMARK,10461,10397,254.82,341.02
19,4,DENMARK,10147,7106,256.15,301.15
20,1,DENMARK,6903,7253,150.77,206.81
23,1,DENMARK,2736,3260,82.14,25.19
23,2,DENMARK,7124,8823,225.26,85.93
23,3,DENMARK,7571,8796,264.99,175.14
23,4,DENMARK,9390,6729,281.18,323.81
24,1,DENMARK,10131,10788,401.69,391.27
24,2,DENMARK,8723,11021,367.97,431.47
24,3,DENMARK,13147,14388,265.73,387.63
24,4,DENMARK,15436,12352,312.70,337.44
25,1,DENMARK,15241,15948,399.51,468.97
25,2,DENMARK,11155,12762,211.68,659.78
25,3,DENMARK,7558,8041,242.86,862.34
15,1,EGYPT,2427,3529,29.06,31.50
15,2,EGYPT,3365,4446,70.70,49.28
15,3,EGYPT,3702,4169,2.41,20.94
15,4,EGYPT,3785,3927,9.63,18.73
16,1,EGYPT,3328,3932,17.24,12.55
16,2,EGYPT,3542,4392,2.44,25.09
16,3,EGYPT,3169,3677,3.93,47.53
16,4,EGYPT,4466,4248,8.75,115.55
17,1,EGYPT,4520,4966,8.55,93.31
17,2,EGYPT,5027,5982,35.96,103.02
17,3,EGYPT,4377,5138,15.08,84.30
17,4,EGYPT,5630,5988,71.04,218.45
18,1,EGYPT,5264,6617,179.33,339.81
18,2,EGYPT,6420,8587,0.00,0.00
18,3,EGYPT,5303,6366,16.61,90.19
18,4,EGYPT,9689,10210,195.26,470.94
19,1,EGYPT,7351,7940,6.81,35.09
19,2,EGYPT,7848,6909,83.91,44.55
19,3,EGYPT,5957,7078,1.83,17.36
19,4,EGYPT,10892,9950,0.00,0.00
20,1,EGYPT,4647,6768,0.00,0.00
20,2,EGYPT,628,70,0.00,2.18
21,2,EGYPT,0,44,580.85,1172.96
21,3,EGYPT,0,0,368.70,1283.84
21,4,EGYPT,0,0,337.21,456.31
22,1,EGYPT,0,0,826.38,1127.46
22,2,EGYPT,2514,4289,1014.72,1086.82
22,3,EGYPT,4728,7281,337.16,426.70
22,4,EGYPT,12228,11751,274.65,387.96
23,1,EGYPT,9076,12733,336.52,526.53
23,2,EGYPT,6211,8660,229.14,786.61
23,3,EGYPT,7042,9943,161.76,1094.60
23,4,EGYPT,10937,11490,366.67,1068.84
24,1,EGYPT,7022,11190,195.32,1370.64
24,2,EGYPT,6755,8749,183.29,2097.23
24,3,EGYPT,6053,7660,68.00,1423.79
24,4,EGYPT,12071,11502,126.74,846.50
25,1,EGYPT,7689,10552,105.55,583.23
25,2,EGYPT,6074,6900,55.73,745.40
25,3,EGYPT,5853,7102,170.22,1040.25
15,1,ETHIOPIA,27175,33188,154.34,2752.41
15,2,ETHIOPIA,6658,7829,25.78,526.86
15,3,ETHIOPIA,17530,17302,48.97,2326.54
15,4,ETHIOPIA,11556,10156,16.39,56.28
16,1,ETHIOPIA,17222,18439,370.02,1241.11
16,2,ETHIOPIA,41304,46545,399.65,3601.04
16,3,ETHIOPIA,39720,38488,256.19,1681.07
16,4,ETHIOPIA,41600,35895,371.76,1857.52
17,1,ETHIOPIA,9856,12790,45.93,66.25
17,2,ETHIOPIA,46605,57429,632.01,3416.60
17,3,ETHIOPIA,40278,43396,405.93,3772.70
17,4,ETHIOPIA,57289,53387,979.34,3451.88
18,1,ETHIOPIA,52736,66064,1214.01,3813.11
18,2,ETHIOPIA,55321,66311,649.06,5322.61
18,3,ETHIOPIA,58188,60764,703.67,4364.69
18,4,ETHIOPIA,62203,58619,627.95,4373.00
19,1,ETHIOPIA,59808,73186,547.62,4477.33
19,2,ETHIOPIA,39575,42171,236.04,1543.88
19,3,ETHIOPIA,18596,21955,0.82,160.73
19,4,ETHIOPIA,92285,87172,221.03,960.53
20,1,ETHIOPIA,21971,30026,47.08,399.51
20,2,ETHIOPIA,987,4,46.25,177.59
20,3,ETHIOPIA,1525,3086,48.66,171.80
20,4,ETHIOPIA,612,2596,73.77,85.44
21,1,ETHIOPIA,2041,2196,76.44,111.29
21,2,ETHIOPIA,2176,2586,34.26,92.05
21,3,ETHIOPIA,4913,6502,19.27,85.29
21,4,ETHIOPIA,2798,2739,16.06,91.88
22,1,ETHIOPIA,3306,3438,34.28,116.34
22,2,ETHIOPIA,36531,42683,1202.26,3953.76
22,3,ETHIOPIA,40814,48459,1027.98,3365.18
22,4,ETHIOPIA,33164,34117,360.50,1436.44
23,1,ETHIOPIA,51212,67632,560.22,2629.63
23,2,ETHIOPIA,41159,50175,266.74,2704.29
23,3,ETHIOPIA,53773,61817,342.39,2631.65
23,4,ETHIOPIA,73467,61146,840.55,3306.33
24,1,ETHIOPIA,58116,78002,1476.49,5721.21
24,2,ETHIOPIA,32728,47314,434.67,2052.94
24,3,ETHIOPIA,34500,32893,59.64,1090.30
24,4,ETHIOPIA,89405,75486,1305.04,3408.85
25,1,ETHIOPIA,76277,89506,1222.80,3685.96
25,2,ETHIOPIA,66336,81602,1583.58,6680.66
25,3,ETHIOPIA,78708,80964,1697.21,4674.79
22,1,EUROPE,910,4,0.00,0.00
21,4,Estonia,0,0,0.00,41.14
15,1,FINLAND,13673,15886,685.94,1125.37
15,2,FINLAND,6725,9884,472.16,645.44
15,3,FINLAND,8242,8386,415.51,580.36
15,4,FINLAND,13101,10225,379.81,663.38
16,1,FINLAND,13214,14747,474.36,937.58
16,2,FINLAND,6825,9313,399.85,603.72
16,3,FINLAND,7309,8173,306.39,519.62
16,4,FINLAND,13564,10108,324.35,620.26
17,1,FINLAND,14155,16850,485.67,816.56
17,2,FINLAND,8083,9905,463.25,608.45
17,3,FINLAND,9342,9214,324.14,589.03
17,4,FINLAND,17039,13588,525.89,724.14
18,1,FINLAND,19549,19708,527.97,578.50
18,2,FINLAND,10822,12873,550.15,648.07
18,3,FINLAND,12238,10470,603.31,581.01
18,4,FINLAND,18593,14430,630.25,656.78
19,1,FINLAND,19557,22696,672.29,821.91
19,2,FINLAND,11812,13295,576.23,606.47
19,3,FINLAND,12790,13252,626.00,601.36
19,4,FINLAND,20906,17263,549.76,910.82
20,1,FINLAND,14083,14371,445.90,544.00
20,2,FINLAND,222,158,0.01,2.56
21,4,FINLAND,1821,2791,111.96,98.44
22,1,FINLAND,9768,10879,561.75,528.31
22,2,FINLAND,14837,18649,913.93,813.94
22,3,FINLAND,21450,26158,1106.34,1220.92
22,4,FINLAND,8022,5254,326.95,339.81
23,1,FINLAND,19813,24314,627.75,874.15
23,2,FINLAND,14257,18044,525.05,1460.17
23,3,FINLAND,15807,21255,425.51,1346.81
23,4,FINLAND,22941,16955,468.06,1289.53
24,1,FINLAND,16322,20877,473.71,1096.13
24,2,FINLAND,15382,21578,583.10,1490.22
24,3,FINLAND,16189,20834,437.57,1246.94
24,4,FINLAND,22282,16044,477.01,1040.02
25,1,FINLAND,16222,19135,499.38,953.41
25,2,FINLAND,15141,18619,734.14,1059.07
25,3,FINLAND,16420,19181,693.36,1122.51
15,1,FRANCE,88632,97306,4419.63,5674.53
15,2,FRANCE,73737,83050,4038.89,5305.19
15,3,FRANCE,67002,70492,3474.02,3625.11
15,4,FRANCE,99652,84795,7478.75,4853.96
16,1,FRANCE,97136,100758,5108.02,4674.42
16,2,FRANCE,69553,76939,4141.69,3819.17
16,3,FRANCE,80845,75006,3993.50,3799.37
16,4,FRANCE,108211,91708,5267.61,5155.36
17,1,FRANCE,109178,116012,6082.50,4881.24
17,2,FRANCE,81285,91728,4517.74,4278.65
17,3,FRANCE,90315,94898,4050.46,3964.97
17,4,FRANCE,129371,108631,5955.37,6044.79
18,1,FRANCE,116788,133417,6236.27,6311.84
18,2,FRANCE,92174,107560,7353.70,5772.28
18,3,FRANCE,106076,115470,4976.50,5882.48
18,4,FRANCE,135270,119076,5613.11,7355.34
19,1,FRANCE,122243,138463,5761.46,6970.00
19,2,FRANCE,73185,79124,3009.70,7033.16
19,3,FRANCE,91797,94091,2723.76,5053.86
19,4,FRANCE,94898,85520,3240.84,5032.31
20,1,FRANCE,76585,88679,2989.57,3785.57
20,2,FRANCE,1661,658,614.47,590.12
20,3,FRANCE,18425,26274,2926.18,3749.54
20,4,FRANCE,29947,20398,2595.36,4620.07
21,1,FRANCE,23727,31479,2595.19,4690.79
21,2,FRANCE,11077,33225,3256.60,4533.36
21,3,FRANCE,20752,41174,2620.43,4538.52
21,4,FRANCE,48984,46238,2786.21,4991.33
22,1,FRANCE,41417,55130,3125.65,4687.42
22,2,FRANCE,78009,88078,3983.33,5354.00
22,3,FRANCE,85388,94925,4263.44,5336.85
22,4,FRANCE,116169,106184,4502.06,5695.88
23,1,FRANCE,105625,125095,4171.10,5245.19
23,2,FRANCE,104889,124794,4451.28,7245.79
23,3,FRANCE,101996,120174,4584.73,7123.91
23,4,FRANCE,128168,111999,3857.11,6039.36
24,1,FRANCE,116771,133516,4227.54,6144.06
24,2,FRANCE,101878,117797,3829.85,4939.27
24,3,FRANCE,112628,122318,3819.45,5216.26
24,4,FRANCE,143198,115973,4349.44,5249.80
25,1,FRANCE,121606,133315,3521.51,4560.98
25,2,FRANCE,101974,115802,3276.74,5534.36
25,3,FRANCE,100763,102289,4213.36,6848.13
15,1,GEORGIA,0,0,0.00,0.00
15,2,GEORGIA,0,0,0.00,0.00
15,3,GEORGIA,0,0,0.00,0.00
15,4,GEORGIA,0,0,0.00,0.00
16,1,GEORGIA,0,0,0.00,0.00
16,2,GEORGIA,0,0,0.00,0.00
16,3,GEORGIA,0,0,0.00,0.00
16,4,GEORGIA,0,0,0.00,0.00
17,1,GEORGIA,0,0,0.00,0.00
17,2,GEORGIA,0,0,0.00,0.00
20,2,GEORGIA,385,57,0.00,0.16
20,3,GEORGIA,177,942,0.00,0.00
20,4,GEORGIA,2331,2319,0.00,0.00
21,1,GEORGIA,7321,6850,0.00,0.00
21,2,GEORGIA,0,168,0.00,0.00
21,3,GEORGIA,482,1472,0.00,34.44
21,4,GEORGIA,1836,2770,0.00,0.00
22,1,GEORGIA,5866,6396,0.00,0.00
23,1,GEORGIA,3272,4254,0.00,0.00
23,2,GEORGIA,676,1515,0.00,0.00
23,3,GEORGIA,3750,3497,0.00,0.42
23,4,GEORGIA,6404,6781,0.30,7.90
24,1,GEORGIA,6180,5773,0.58,15.42
24,2,GEORGIA,6340,6693,2.79,20.19
24,3,GEORGIA,10809,10449,1.32,28.06
24,4,GEORGIA,14823,13446,2.34,20.49
25,1,GEORGIA,13788,11956,0.37,20.94
25,2,GEORGIA,15578,14309,0.87,25.63
25,3,GEORGIA,11377,9734,0.10,13.99
15,1,GERMANY,160772,169641,11834.59,13570.42
15,2,GERMANY,140655,173279,12445.53,13711.26
15,3,GERMANY,159881,172112,12033.36,12588.26
15,4,GERMANY,152669,117587,11870.88,15999.49
16,1,GERMANY,158643,173794,12322.01,15096.11
16,2,GERMANY,148526,179038,12045.73,15227.13
16,3,GERMANY,170451,186773,12480.40,16204.95
16,4,GERMANY,168531,137045,11907.44,13569.35
17,1,GERMANY,160601,184316,12459.87,15330.02
17,2,GERMANY,168347,195461,15055.76,16778.64
17,3,GERMANY,188692,188209,13661.85,16884.16
17,4,GERMANY,188466,149665,12736.00,15774.55
18,1,GERMANY,172103,187534,12765.79,18749.07
18,2,GERMANY,163123,194673,13633.86,16544.67
18,3,GERMANY,185398,192486,14446.22,19315.22
18,4,GERMANY,197435,148379,12968.98,20518.66
19,1,GERMANY,176017,205906,13018.17,25754.00
19,2,GERMANY,192437,211719,15957.62,24878.34
19,3,GERMANY,192364,199638,12535.82,11839.29
19,4,GERMANY,204665,164075,18262.52,14584.12
20,1,GERMANY,138232,156917,11164.01,18660.28
20,2,GERMANY,3331,8227,8152.51,10172.68
20,3,GERMANY,20779,41050,13851.62,22917.09
20,4,GERMANY,33421,20383,14258.57,24709.16
21,1,GERMANY,37273,47081,14277.66,27085.64
21,2,GERMANY,16878,35577,14274.40,21657.97
21,3,GERMANY,36567,63574,13405.94,21664.29
21,4,GERMANY,69981,66956,13649.33,25799.81
22,1,GERMANY,67419,84129,13232.81,27825.50
22,2,GERMANY,124536,146362,15607.79,37745.56
22,3,GERMANY,137178,156030,17341.42,32416.26
22,4,GERMANY,158942,151016,17328.18,31319.26
23,1,GERMANY,148708,173643,17127.68,37738.80
23,2,GERMANY,148321,184179,13364.66,33854.32
23,3,GERMANY,164673,189533,12055.32,32585.10
23,4,GERMANY,214624,190906,12970.13,29699.78
24,1,GERMANY,198445,225714,14116.64,35452.47
24,2,GERMANY,186934,234804,13639.53,38388.48
24,3,GERMANY,211219,229374,13031.24,33643.53
24,4,GERMANY,256665,201530,13417.49,32141.32
25,1,GERMANY,215158,250223,13353.16,27476.66
25,2,GERMANY,207661,242328,15291.87,32507.35
25,3,GERMANY,226366,232991,17259.70,33711.41
15,1,HONG KONG,150400,162576,19278.21,22273.01
15,2,HONG KONG,200874,209340,27121.00,14777.14
15,3,HONG KONG,159333,156002,35914.13,14446.08
15,4,HONG KONG,189918,187735,26921.95,14940.46
16,1,HONG KONG,162482,176957,22901.45,15207.07
16,2,HONG KONG,188043,195319,24687.92,14803.37
16,3,HONG KONG,168865,169495,27236.99,13279.31
16,4,HONG KONG,188988,173114,26060.12,12468.32
17,1,HONG KONG,152138,176981,24307.28,13098.31
17,2,HONG KONG,190634,201573,27849.57,13656.53
17,3,HONG KONG,167514,175372,30650.40,13956.49
17,4,HONG KONG,195872,179944,29655.40,16204.82
18,1,HONG KONG,169146,193899,26682.90,21206.79
18,2,HONG KONG,184130,202314,28220.09,18324.86
18,3,HONG KONG,164574,181588,29759.42,15372.37
18,4,HONG KONG,214615,201288,32512.66,16713.76
19,1,HONG KONG,190299,230435,27435.85,19860.68
19,2,HONG KONG,194754,222485,28694.27,20252.27
19,3,HONG KONG,164588,200153,16417.41,9899.26
19,4,HONG KONG,201272,331147,27678.86,21330.63
20,1,HONG KONG,82251,92866,16017.29,11008.59
20,2,HONG KONG,229,886,13163.60,8157.46
20,3,HONG KONG,701,2096,28124.59,16677.03
20,4,HONG KONG,1060,2328,28103.29,16579.72
21,1,HONG KONG,1408,1391,25891.69,12243.08
21,2,HONG KONG,410,386,42814.78,11083.53
21,3,HONG KONG,603,408,30653.40,13818.58
21,4,HONG KONG,2031,2216,30336.05,12272.00
22,1,HONG KONG,1823,104,25402.64,11246.13
22,2,HONG KONG,5567,7912,29732.90,10269.71
22,3,HONG KONG,9931,20499,23871.51,7209.40
22,4,HONG KONG,35284,35364,22822.72,7082.94
23,1,HONG KONG,34927,52619,26175.29,8381.21
23,2,HONG KONG,76194,88728,28059.71,8577.43
23,3,HONG KONG,84399,92272,30399.43,7914.49
23,4,HONG KONG,132178,134432,27090.73,10225.40
24,1,HONG KONG,118021,145758,28347.74,11114.69
24,2,HONG KONG,131774,144378,27717.14,9046.86
24,3,HONG KONG,124919,129611,31719.14,9847.07
24,4,HONG KONG,155492,154383,28990.39,10371.66
25,1,HONG KONG,143331,165643,30134.78,14512.43
25,2,HONG KONG,173106,184854,36754.84,14927.40
25,3,HONG KONG,164427,167111,31157.64,12817.39
22,1,HUNGARY,2665,0,0.00,0.00
17,1,INDONESIA,4104,4386,3.81,73.25
17,2,INDONESIA,4087,4154,2.32,73.01
17,3,INDONESIA,3111,3363,1.35,77.64
17,4,INDONESIA,16458,17962,7.36,118.88
18,1,INDONESIA,13781,13332,15.24,83.54
18,2,INDONESIA,4480,4626,115.57,259.71
18,3,INDONESIA,6880,6555,287.16,403.03
18,4,INDONESIA,6525,5220,378.01,524.72
19,1,INDONESIA,2090,2904,147.91,191.19
20,2,INDONESIA,0,194,0.00,17.31
20,4,INDONESIA,0,0,0.00,3.06
23,3,INDONESIA,7557,7925,5.26,0.01
23,4,INDONESIA,18171,16322,5.27,6.15
24,1,INDONESIA,27807,31080,4.61,8.16
24,2,INDONESIA,49390,52069,33.45,14.20
24,3,INDONESIA,56588,54318,54.04,42.70
24,4,INDONESIA,47885,45785,102.87,8.14
25,1,INDONESIA,47524,49575,324.80,7.92
25,2,INDONESIA,39417,41127,19.11,8.42
25,3,INDONESIA,45122,43532,82.25,0.81
15,1,IRAN,9521,8323,24.98,485.74
15,2,IRAN,7903,7524,19.97,464.45
15,3,IRAN,5583,7183,37.22,325.31
15,4,IRAN,9165,9184,76.07,274.70
16,1,IRAN,10990,9990,25.57,221.53
16,2,IRAN,8083,8618,27.97,225.16
16,3,IRAN,6714,7695,71.80,222.38
16,4,IRAN,9553,9374,51.30,309.10
17,1,IRAN,12678,11100,28.57,268.40
17,2,IRAN,6377,6763,53.58,305.60
17,3,IRAN,6454,7438,42.08,299.31
17,4,IRAN,8588,8229,30.92,287.33
18,1,IRAN,12181,10542,12.31,327.12
18,2,IRAN,8105,8814,64.70,371.12
18,3,IRAN,9137,9191,81.67,263.21
18,4,IRAN,11358,9930,165.50,399.15
19,1,IRAN,12881,10505,40.15,578.74
19,2,IRAN,10612,10500,31.68,603.30
19,3,IRAN,10346,8923,46.49,440.19
19,4,IRAN,10691,10368,90.73,325.59
20,1,IRAN,7871,7153,39.92,352.44
20,2,IRAN,862,625,4.83,211.76
20,3,IRAN,1820,1072,260.51,366.93
20,4,IRAN,1490,1291,317.43,387.11
21,1,IRAN,1666,1454,39.76,219.41
21,2,IRAN,482,582,143.67,87.46
21,3,IRAN,739,1010,29.51,195.56
21,4,IRAN,1224,2087,42.21,160.32
22,1,IRAN,1944,2011,24.68,91.69
22,2,IRAN,4124,3903,31.90,268.90
22,3,IRAN,5061,4340,56.41,257.83
22,4,IRAN,4763,4165,32.78,184.42
23,1,IRAN,4020,3328,17.74,120.23
23,2,IRAN,4676,4094,34.43,156.59
23,3,IRAN,3693,2658,21.00,104.87
23,4,IRAN,6130,5457,37.32,182.14
24,1,IRAN,7916,6064,20.77,471.26
24,2,IRAN,4977,5124,25.59,443.75
24,3,IRAN,4328,3572,45.52,285.80
24,4,IRAN,6459,6783,21.13,380.57
25,1,IRAN,9159,7295,40.55,367.90
25,2,IRAN,4739,5206,45.33,424.92
25,3,IRAN,4698,5914,49.64,389.06
15,1,IRAQ,0,0,0.00,0.00
15,2,IRAQ,0,842,0.00,0.00
15,3,IRAQ,2586,2226,0.00,0.00
15,4,IRAQ,0,377,0.00,1.27
16,1,IRAQ,993,986,0.00,0.00
16,2,IRAQ,0,218,0.00,0.00
16,3,IRAQ,1732,1742,0.00,0.00
16,4,IRAQ,1459,1625,0.00,0.00
17,1,IRAQ,1967,1999,0.00,0.00
17,2,IRAQ,5779,5809,0.00,0.00
17,3,IRAQ,5750,5666,0.00,0.00
17,4,IRAQ,6862,6703,0.00,0.00
18,1,IRAQ,8746,8300,0.00,0.00
18,2,IRAQ,8835,8986,0.00,0.00
18,3,IRAQ,10312,9514,0.00,0.00
18,4,IRAQ,9406,9364,0.00,0.00
19,1,IRAQ,8447,8713,0.00,0.00
19,2,IRAQ,9864,9852,0.00,0.00
19,3,IRAQ,22225,22270,0.81,35.59
19,4,IRAQ,9588,9838,0.00,0.00
20,1,IRAQ,5789,5722,0.00,0.00
20,2,IRAQ,549,1177,5.04,5.04
20,3,IRAQ,7302,565,0.04,0.04
20,4,IRAQ,3478,2954,0.00,0.88
21,1,IRAQ,3727,4977,0.00,2.44
21,2,IRAQ,1116,3024,0.00,0.00
21,3,IRAQ,588,1005,0.00,0.00
21,4,IRAQ,3706,4171,0.00,0.00
22,1,IRAQ,4615,4894,0.00,6.18
22,2,IRAQ,5346,5089,0.00,5.72
22,3,IRAQ,8136,8285,0.00,5.89
22,4,IRAQ,6658,6829,0.12,5.87
23,1,IRAQ,5446,5509,0.00,5.10
23,2,IRAQ,8662,8684,0.00,3.30
23,3,IRAQ,11832,11738,0.36,4.40
23,4,IRAQ,11175,12016,0.00,4.70
24,1,IRAQ,8850,9108,1.07,4.61
24,2,IRAQ,8347,7458,0.24,5.45
24,3,IRAQ,9885,8970,0.48,5.25
24,4,IRAQ,8089,7458,0.12,5.00
25,1,IRAQ,8084,6833,0.12,4.20
25,2,IRAQ,8413,7063,0.50,3.00
25,3,IRAQ,9817,8764,0.32,6.60
20,2,IRELAND,494,232,0.00,3.03
15,1,ISRAEL,8664,9773,269.69,392.47
15,2,ISRAEL,5693,6692,182.74,310.06
15,3,ISRAEL,6874,6663,173.05,310.71
15,4,ISRAEL,8293,7936,196.03,311.65
16,1,ISRAEL,7683,8489,188.72,333.21
16,2,ISRAEL,5903,6953,155.40,362.63
16,3,ISRAEL,7450,6671,185.03,464.49
16,4,ISRAEL,7950,7832,130.88,332.92
17,1,ISRAEL,3653,4391,108.93,244.45
17,2,ISRAEL,4762,5497,291.23,167.76
17,3,ISRAEL,6148,6086,167.92,268.82
17,4,ISRAEL,8309,7559,310.73,407.27
18,1,ISRAEL,9545,9917,282.13,410.56
18,2,ISRAEL,12121,13129,375.34,427.30
18,3,ISRAEL,18026,17025,625.92,679.79
18,4,ISRAEL,18252,17831,560.57,797.50
19,1,ISRAEL,19617,22550,565.35,874.44
19,2,ISRAEL,16575,19299,445.46,786.99
19,3,ISRAEL,19475,18860,396.58,915.96
19,4,ISRAEL,19202,19371,430.51,821.13
20,1,ISRAEL,11695,13078,270.57,486.62
20,2,ISRAEL,172,251,118.08,166.12
20,3,ISRAEL,220,120,8.77,26.83
20,4,ISRAEL,554,805,55.33,228.36
21,1,ISRAEL,894,849,42.88,69.68
21,2,ISRAEL,570,1506,89.46,81.21
21,3,ISRAEL,738,1254,152.63,726.48
21,4,ISRAEL,2200,2761,382.14,486.85
22,1,ISRAEL,3043,3888,249.43,440.49
22,2,ISRAEL,5613,6708,204.08,232.14
22,3,ISRAEL,7984,6908,250.84,295.48
22,4,ISRAEL,7734,8157,177.18,188.05
23,1,ISRAEL,8526,8927,136.80,156.56
23,2,ISRAEL,8522,10684,106.03,181.76
23,3,ISRAEL,12852,11833,91.46,324.74
23,4,ISRAEL,1338,858,15.14,41.66
24,1,ISRAEL,3232,3006,80.78,72.27
24,2,ISRAEL,7236,7942,138.91,162.14
24,3,ISRAEL,5301,4210,55.34,142.31
25,1,ISRAEL,4604,4769,64.29,25.59
25,2,ISRAEL,4189,5138,58.81,43.43
15,1,ITALY,14727,21846,245.57,394.39
15,2,ITALY,13999,19602,182.15,312.47
15,3,ITALY,18448,22207,208.92,244.54
15,4,ITALY,18065,13702,168.82,228.94
16,1,ITALY,15948,21316,317.37,340.86
16,2,ITALY,16736,19754,582.32,353.00
16,3,ITALY,20332,21499,683.41,317.97
16,4,ITALY,21750,14043,701.45,203.37
17,1,ITALY,16582,18730,442.19,437.98
17,2,ITALY,16997,17841,526.57,571.18
17,3,ITALY,18507,18095,436.54,572.44
17,4,ITALY,21185,15319,1037.26,387.59
18,1,ITALY,19015,20195,1085.33,478.94
18,2,ITALY,19234,19326,1180.00,500.68
18,3,ITALY,20535,17864,981.37,643.92
18,4,ITALY,22510,14709,1215.93,1249.90
19,1,ITALY,18634,20143,923.58,1971.40
19,2,ITALY,19895,20878,1105.55,1800.88
19,3,ITALY,20142,17896,771.61,1269.25
19,4,ITALY,22313,15617,1172.93,2096.75
20,1,ITALY,16102,15539,588.66,1567.08
20,2,ITALY,677,685,143.94,280.98
20,3,ITALY,1074,1467,577.63,770.37
20,4,ITALY,3597,1800,53.26,1353.46
21,1,ITALY,2340,2791,108.91,800.47
21,2,ITALY,2373,4404,145.87,308.19
21,3,ITALY,633,716,42.30,27.18
21,4,ITALY,8446,5244,19.58,738.84
22,1,ITALY,2402,3706,0.00,671.66
22,2,ITALY,0,0,0.00,666.66
22,3,ITALY,0,0,0.00,938.27
22,4,ITALY,0,0,0.00,491.45
23,1,ITALY,8964,10714,230.96,679.50
23,2,ITALY,16541,22016,308.28,1517.03
23,3,ITALY,23724,17121,376.71,1228.46
23,4,ITALY,24685,21967,471.85,434.66
24,1,ITALY,23968,27299,567.52,563.78
24,2,ITALY,23071,25015,492.23,595.25
24,3,ITALY,29969,31598,762.26,651.37
24,4,ITALY,34758,27011,818.73,535.05
25,1,ITALY,51447,55340,1381.61,1539.71
25,2,ITALY,37834,42612,1815.88,2645.48
25,3,ITALY,33946,38051,1330.00,1858.65
15,1,JAPAN,37817,42445,1871.41,2218.27
15,2,JAPAN,25353,36720,2438.22,2167.96
15,3,JAPAN,29537,31871,2216.58,1535.42
15,4,JAPAN,35721,33141,2058.78,1310.85
16,1,JAPAN,39045,45569,2123.44,2551.64
16,2,JAPAN,36891,45249,2748.45,2186.79
16,3,JAPAN,39740,41722,2575.94,1791.00
16,4,JAPAN,47221,45421,2792.60,1426.58
17,1,JAPAN,43173,51277,3174.39,2475.68
17,2,JAPAN,41875,48627,3395.97,2460.57
17,3,JAPAN,44456,46790,3467.17,2025.55
17,4,JAPAN,50544,50092,3649.07,2062.16
18,1,JAPAN,42349,49014,3801.16,2651.17
18,2,JAPAN,43879,51649,3696.34,2672.52
18,3,JAPAN,48102,50160,3335.12,1821.86
18,4,JAPAN,55560,53917,3396.50,2027.78
19,1,JAPAN,45761,55815,3119.39,2698.13
19,2,JAPAN,46223,56361,2991.70,2697.86
19,3,JAPAN,29278,36370,1322.50,1445.91
19,4,JAPAN,36255,35204,3139.37,2238.09
20,1,JAPAN,25839,32807,2381.60,2219.20
20,2,JAPAN,989,2498,202.01,323.24
20,3,JAPAN,2251,1895,580.64,478.93
20,4,JAPAN,4192,4509,1904.55,1430.31
21,1,JAPAN,5197,3996,2965.50,1894.82
21,2,JAPAN,2932,6187,2416.57,1453.65
21,3,JAPAN,4330,4375,905.43,1235.21
21,4,JAPAN,10393,10274,1837.96,1961.96
22,1,JAPAN,6467,13017,1854.44,1769.08
22,2,JAPAN,10992,23225,1904.67,1738.01
22,3,JAPAN,14052,23331,1927.53,1482.52
22,4,JAPAN,23727,28096,2167.93,2000.31
23,1,JAPAN,22118,40139,2210.98,2406.29
23,2,JAPAN,28919,43859,2209.15,2013.57
23,3,JAPAN,31983,42953,2769.89,1985.75
23,4,JAPAN,41174,39637,2469.77,1682.77
24,1,JAPAN,32813,45261,2873.44,2599.55
24,2,JAPAN,36067,43956,3394.26,2475.17
24,3,JAPAN,36946,42155,3348.75,1954.92
24,4,JAPAN,46540,47137,2941.33,1503.12
25,1,JAPAN,40480,50877,2359.44,2190.98
25,2,JAPAN,41718,46319,2845.82,2118.75
25,3,JAPAN,42854,47861,3626.66,1924.84
15,1,JORDAN,0,0,0.00,0.00
15,2,JORDAN,0,0,0.00,0.00
15,3,JORDAN,0,0,0.00,0.00
15,4,JORDAN,0,0,0.00,0.00
16,1,JORDAN,0,0,0.00,0.00
16,2,JORDAN,0,0,0.00,0.00
16,3,JORDAN,0,0,0.00,0.00
16,4,JORDAN,0,0,0.00,0.00
17,1,JORDAN,0,0,0.00,0.00
17,2,JORDAN,0,0,0.00,0.00
20,2,JORDAN,353,75,0.00,0.18
20,3,JORDAN,187,33,0.00,0.48
21,3,JORDAN,0,219,0.00,0.00
22,4,JORDAN,0,0,0.00,0.00
15,1,KAZAKHSTAN,6582,8318,5.74,84.54
15,2,KAZAKHSTAN,4667,5324,4.94,84.97
15,3,KAZAKHSTAN,7241,7197,2.83,115.44
15,4,KAZAKHSTAN,8448,7929,4.55,118.66
16,1,KAZAKHSTAN,9072,10674,3.09,57.76
16,2,KAZAKHSTAN,7787,7084,2.22,114.58
16,3,KAZAKHSTAN,8673,10846,4.87,92.64
16,4,KAZAKHSTAN,12124,10786,6.51,157.82
17,1,KAZAKHSTAN,13180,15323,5.47,177.01
17,2,KAZAKHSTAN,9721,8845,7.52,170.82
17,3,KAZAKHSTAN,11514,14644,2.94,133.46
17,4,KAZAKHSTAN,17301,15172,6.99,156.89
18,1,KAZAKHSTAN,16739,18647,34.33,180.82
18,2,KAZAKHSTAN,15348,14704,56.03,214.06
18,3,KAZAKHSTAN,13532,16680,70.82,203.57
18,4,KAZAKHSTAN,18969,17013,105.27,166.88
19,1,KAZAKHSTAN,18967,21096,88.19,170.90
19,2,KAZAKHSTAN,1507,2236,5.98,39.91
19,3,KAZAKHSTAN,9542,13364,24.58,83.06
19,4,KAZAKHSTAN,19811,17897,37.88,125.53
20,1,KAZAKHSTAN,20488,21379,19.64,192.37
20,2,KAZAKHSTAN,2868,101,0.00,45.93
20,3,KAZAKHSTAN,286,23,0.83,939.89
20,4,KAZAKHSTAN,0,248,1.17,575.21
21,1,KAZAKHSTAN,177,297,2.92,502.54
21,2,KAZAKHSTAN,0,153,0.00,31.23
21,3,KAZAKHSTAN,0,427,0.00,0.60
21,4,KAZAKHSTAN,1311,2291,0.10,20.56
22,1,KAZAKHSTAN,2657,3962,0.24,53.33
22,2,KAZAKHSTAN,5061,4815,2.96,125.95
22,4,KAZAKHSTAN,16904,15357,3.65,188.16
23,1,KAZAKHSTAN,18299,20857,4.89,154.25
23,2,KAZAKHSTAN,13507,12461,0.82,98.02
23,3,KAZAKHSTAN,184,681,0.00,0.00
23,4,KAZAKHSTAN,30290,29413,6.22,216.81
24,1,KAZAKHSTAN,30603,31972,27.04,266.31
24,2,KAZAKHSTAN,29846,28188,12.29,413.78
24,3,KAZAKHSTAN,26769,32526,2.26,227.62
24,4,KAZAKHSTAN,34533,35416,4.55,208.23
25,1,KAZAKHSTAN,33343,35176,5.45,210.33
25,2,KAZAKHSTAN,25892,25121,7.66,137.51
25,3,KAZAKHSTAN,24621,29408,2.69,163.82
15,1,KENYA,23830,30259,73.97,1234.34
15,2,KENYA,19277,24593,39.25,721.03
15,3,KENYA,26330,21624,579.88,265.54
15,4,KENYA,23814,24603,251.04,511.96
16,1,KENYA,20720,26766,33.23,477.12
16,2,KENYA,10983,12517,29.52,8.21
16,3,KENYA,20207,21050,37.22,9.20
16,4,KENYA,19459,16990,25.29,27.78
17,1,KENYA,20084,23940,39.04,13.53
17,2,KENYA,20445,22754,39.84,29.26
17,3,KENYA,22355,23335,20.21,41.00
17,4,KENYA,24784,22001,31.60,462.87
18,1,KENYA,24465,26407,25.02,375.59
18,2,KENYA,26230,27987,15.38,384.42
18,3,KENYA,24703,25085,17.73,128.79
18,4,KENYA,24711,21876,23.15,177.53
19,1,KENYA,21477,24472,20.63,25.25
19,2,KENYA,23537,26181,41.09,141.64
19,3,KENYA,16522,16320,45.72,17.27
19,4,KENYA,25838,25086,29.25,154.65
20,1,KENYA,21149,20941,26.98,134.97
20,2,KENYA,464,757,0.00,14.69
20,3,KENYA,587,1027,0.99,3.50
20,4,KENYA,5292,6479,0.12,26.16
21,1,KENYA,8284,9741,0.78,70.03
21,2,KENYA,2149,3586,0.40,85.47
21,3,KENYA,1616,2468,1.83,29.35
21,4,KENYA,10707,10634,0.06,133.66
22,1,KENYA,10446,10923,151.56,228.58
22,2,KENYA,16501,20606,188.28,200.02
22,3,KENYA,22610,24696,108.22,244.65
22,4,KENYA,24805,20912,119.06,340.83
23,1,KENYA,22509,43711,147.54,179.47
23,2,KENYA,28205,30478,82.63,167.45
23,3,KENYA,37098,38328,85.90,283.83
23,4,KENYA,44089,35006,160.67,564.19
24,1,KENYA,36957,39608,245.60,364.61
24,2,KENYA,39983,43730,70.95,381.64
24,3,KENYA,45815,44114,105.01,431.17
24,4,KENYA,44013,34843,292.43,445.01
25,1,KENYA,37282,40115,351.39,318.04
25,2,KENYA,34230,38268,370.89,493.55
25,3,KENYA,33719,34239,252.73,390.19
15,1,KOREA,20089,23732,947.19,514.26
15,2,KOREA,14260,17575,260.79,575.10
15,3,KOREA,17742,18185,651.88,391.77
15,4,KOREA,21144,18702,338.79,1152.70
16,1,KOREA,19239,20843,339.06,527.86
16,2,KOREA,14417,17497,514.18,617.87
16,3,KOREA,20473,19136,403.27,579.92
16,4,KOREA,29487,24715,743.98,929.91
17,1,KOREA,36227,39645,1193.60,939.40
17,2,KOREA,24089,28758,1555.89,794.45
17,3,KOREA,34358,32301,1309.02,994.55
17,4,KOREA,39099,35045,1239.14,993.25
18,1,KOREA,37184,41773,1512.77,670.10
18,2,KOREA,25935,33794,1551.15,764.56
18,3,KOREA,33169,32038,1376.24,860.93
18,4,KOREA,38265,34912,1142.78,916.31
19,1,KOREA,35149,41858,1193.55,860.69
19,2,KOREA,28207,39861,932.26,1011.22
19,3,KOREA,26426,26579,733.86,695.75
19,4,KOREA,36367,32771,1100.67,906.65
20,1,KOREA,22005,24758,842.29,861.80
20,2,KOREA,193,855,86.40,48.56
20,3,KOREA,461,295,1075.28,596.43
20,4,KOREA,414,208,1244.84,1376.56
21,1,KOREA,366,102,1415.22,1597.87
21,2,KOREA,656,2005,1230.34,591.08
21,3,KOREA,1434,656,969.41,502.51
21,4,KOREA,1494,1306,741.98,272.83
22,1,KOREA,779,559,542.45,370.57
22,2,KOREA,5880,8272,534.59,343.49
22,3,KOREA,9321,10821,1089.28,1050.44
22,4,KOREA,11960,12719,794.79,595.57
23,1,KOREA,8658,11720,947.11,161.34
23,2,KOREA,17912,26355,864.59,506.82
23,3,KOREA,12302,14210,709.27,319.74
23,4,KOREA,28600,28975,916.33,485.08
24,1,KOREA,23573,30601,927.85,652.70
24,2,KOREA,18019,21264,806.51,606.29
24,3,KOREA,18016,17964,801.57,548.67
24,4,KOREA,22702,21709,748.32,582.32
25,1,KOREA,19232,23044,858.93,602.89
25,2,KOREA,17401,22045,1139.54,734.40
25,3,KOREA,14510,14402,1802.15,955.70
15,1,KUWAIT,93178,109403,1464.82,2551.83
15,2,KUWAIT,113576,123248,909.72,3581.25
15,3,KUWAIT,112137,118065,513.21,3321.56
15,4,KUWAIT,118033,115631,829.78,3184.97
16,1,KUWAIT,104000,121018,459.06,3587.58
16,2,KUWAIT,136471,140225,1209.19,4771.41
16,3,KUWAIT,136375,143200,1204.65,4385.28
16,4,KUWAIT,141255,135062,1159.60,4410.97
17,1,KUWAIT,117414,132409,1185.61,4912.77
17,2,KUWAIT,148123,135260,1932.36,6721.39
17,3,KUWAIT,142255,149898,1512.14,6961.11
17,4,KUWAIT,156594,152699,2107.26,6524.76
18,1,KUWAIT,133373,146764,1672.12,5475.90
18,2,KUWAIT,131407,131658,1447.25,5053.54
18,3,KUWAIT,115215,133249,696.17,2409.55
18,4,KUWAIT,161343,148907,1136.74,4708.19
19,1,KUWAIT,146387,169756,999.62,5250.98
19,2,KUWAIT,174642,165186,1130.07,4940.38
19,3,KUWAIT,158054,178251,1492.87,5773.82
19,4,KUWAIT,195925,181570,374.71,2906.48
20,1,KUWAIT,151066,164990,711.31,3885.19
20,2,KUWAIT,17654,1,1.01,715.60
20,3,KUWAIT,34896,0,26.59,1152.80
20,4,KUWAIT,28687,12,73.97,194.42
21,1,KUWAIT,39763,4417,117.95,2128.67
21,2,KUWAIT,34651,10030,160.68,3566.97
21,3,KUWAIT,63583,22136,78.34,4659.33
21,4,KUWAIT,181019,155397,200.92,5643.31
22,1,KUWAIT,162194,208164,227.50,5552.46
22,2,KUWAIT,193715,195987,234.07,4867.41
22,3,KUWAIT,178770,254718,203.14,4754.61
22,4,KUWAIT,216592,229648,136.81,3587.06
23,1,KUWAIT,190512,251339,193.88,2993.68
23,2,KUWAIT,233896,225839,141.64,3353.41
23,3,KUWAIT,198882,264051,93.07,3969.51
23,4,KUWAIT,230930,211014,159.74,3698.05
24,1,KUWAIT,192143,232506,243.93,4021.25
24,2,KUWAIT,236553,227976,199.40,4333.49
24,3,KUWAIT,186441,237027,328.20,4391.13
24,4,KUWAIT,233453,232312,337.90,4243.10
25,1,KUWAIT,193602,241619,177.34,4604.58
25,2,KUWAIT,238729,225281,285.49,4369.15
25,3,KUWAIT,197195,256503,189.93,4111.83
15,1,KYRGYZSTAN,609,818,0.00,131.17
15,2,KYRGYZSTAN,1918,1410,0.50,336.43
15,3,KYRGYZSTAN,1993,3007,4.20,51.41
15,4,KYRGYZSTAN,2338,2003,15.02,33.55
16,1,KYRGYZSTAN,1342,1536,0.00,35.76
16,2,KYRGYZSTAN,2596,2830,0.10,89.52
16,3,KYRGYZSTAN,2811,4027,2.79,41.10
16,4,KYRGYZSTAN,3270,3560,11.22,31.59
17,1,KYRGYZSTAN,3206,3900,3.19,56.13
17,2,KYRGYZSTAN,4169,3859,0.15,105.37
17,3,KYRGYZSTAN,4353,5389,5.43,44.04
17,4,KYRGYZSTAN,4651,4870,4.82,38.96
18,1,KYRGYZSTAN,4195,4738,0.00,58.23
18,2,KYRGYZSTAN,5260,4631,1.13,99.22
18,3,KYRGYZSTAN,5089,5949,3.22,60.96
18,4,KYRGYZSTAN,1103,1883,8.14,0.00
20,2,KYRGYZSTAN,2269,54,0.11,33.77
20,3,KYRGYZSTAN,5177,85,0.00,23.67
21,1,KYRGYZSTAN,0,618,0.00,23.80
21,3,KYRGYZSTAN,3,1033,0.00,0.12
21,4,KYRGYZSTAN,26,2730,1.74,0.00
22,1,KYRGYZSTAN,47,1135,0.00,0.00
22,4,KYRGYZSTAN,536,565,0.00,19.52
23,1,KYRGYZSTAN,1032,1597,0.00,21.37
23,2,KYRGYZSTAN,4257,1422,0.12,45.04
23,3,KYRGYZSTAN,2851,4846,0.00,20.14
23,4,KYRGYZSTAN,1165,1195,0.00,17.04
24,1,KYRGYZSTAN,1371,1233,1.15,9.90
24,2,KYRGYZSTAN,4741,1036,0.00,41.87
24,3,KYRGYZSTAN,1882,3463,0.38,12.52
24,4,KYRGYZSTAN,627,2214,0.00,0.00
25,1,KYRGYZSTAN,361,476,0.00,0.00
25,2,KYRGYZSTAN,3528,877,0.00,0.00
25,3,KYRGYZSTAN,2238,4738,0.00,20.18
20,3,LAOS,50,0,0.00,0.00
20,4,LAOS,41,0,0.00,0.00
21,3,LAOS,177,0,0.00,0.00
21,4,LATVIA,0,0,0.00,160.62
20,2,LEBANON,171,70,0.00,0.00
20,3,LEBANON,349,136,0.00,0.00
21,4,LITHUANIA,0,0,0.00,37.40
15,1,MALAYSIA,232818,255028,3640.33,4974.14
15,2,MALAYSIA,262200,258717,4136.15,5084.58
15,3,MALAYSIA,230478,230706,3940.97,4916.99
15,4,MALAYSIA,258651,235616,2579.13,3481.22
16,1,MALAYSIA,272751,285941,2482.59,3354.32
16,2,MALAYSIA,299251,289819,2871.38,4666.44
16,3,MALAYSIA,266217,268244,3858.44,4512.65
16,4,MALAYSIA,279321,265823,4697.86,5144.05
17,1,MALAYSIA,301938,315677,4316.01,5319.96
17,2,MALAYSIA,314125,315608,4265.23,5047.78
17,3,MALAYSIA,330387,346645,4339.52,4856.33
17,4,MALAYSIA,371751,357348,4623.57,5119.98
18,1,MALAYSIA,356275,386877,4706.34,5319.62
18,2,MALAYSIA,362177,351952,4213.91,5073.53
18,3,MALAYSIA,343389,342702,4225.26,5138.97
18,4,MALAYSIA,397706,366087,4896.97,5294.91
19,1,MALAYSIA,380582,400910,4283.23,5837.06
19,2,MALAYSIA,430294,423420,4135.83,6541.60
19,3,MALAYSIA,435128,434892,4900.28,6660.07
19,4,MALAYSIA,378858,338829,4742.98,5598.61
20,1,MALAYSIA,305813,329767,3646.32,4669.29
20,2,MALAYSIA,3364,1004,1173.04,1273.73
20,3,MALAYSIA,9532,3623,2322.36,2300.61
20,4,MALAYSIA,11516,1562,3620.99,2961.25
21,1,MALAYSIA,21313,3312,3746.95,2959.56
21,2,MALAYSIA,12413,1547,5175.65,2941.03
21,3,MALAYSIA,14788,477,5148.82,3866.91
21,4,MALAYSIA,23815,10744,7499.89,3710.34
22,1,MALAYSIA,18541,14760,4961.43,3763.92
22,2,MALAYSIA,114852,125323,1853.32,2849.17
22,3,MALAYSIA,199979,243103,2282.19,4130.55
22,4,MALAYSIA,294017,273715,3637.87,4871.31
23,1,MALAYSIA,281333,341907,3376.72,4981.59
23,2,MALAYSIA,301949,320242,4668.49,5946.22
23,3,MALAYSIA,303222,326110,4512.31,5483.50
23,4,MALAYSIA,360765,333216,4882.36,5792.39
24,1,MALAYSIA,357656,385915,4631.61,6576.14
24,2,MALAYSIA,418862,422958,5173.06,6754.32
24,3,MALAYSIA,408342,396800,5405.03,6474.32
24,4,MALAYSIA,455354,411409,6106.54,6392.65
25,1,MALAYSIA,430555,465341,5331.06,6937.85
25,2,MALAYSIA,454756,472377,6147.59,7312.49
25,3,MALAYSIA,429652,443014,6300.74,7760.17
15,1,MALDIVES,27191,32820,19.55,428.28
15,2,MALDIVES,22494,24872,4.78,333.52
15,3,MALDIVES,22003,22289,5.48,458.87
15,4,MALDIVES,36811,35185,5.44,534.56
16,1,MALDIVES,31078,36909,3.27,529.77
16,2,MALDIVES,26692,28616,6.95,502.88
16,3,MALDIVES,23200,23843,2.96,404.87
16,4,MALDIVES,34946,34635,4.43,470.83
17,1,MALDIVES,31969,37927,7.92,474.66
17,2,MALDIVES,28068,28812,1.08,623.21
17,3,MALDIVES,29771,32809,3.20,573.98
17,4,MALDIVES,39481,37700,1.29,592.94
18,1,MALDIVES,31581,35631,3.00,652.35
18,2,MALDIVES,27863,28587,1.05,723.37
18,3,MALDIVES,20127,20735,1.95,384.22
18,4,MALDIVES,51853,51590,3.03,793.10
19,1,MALDIVES,57722,61350,3.75,857.20
19,2,MALDIVES,66510,67204,5.47,978.34
19,3,MALDIVES,54124,55390,1.39,874.71
19,4,MALDIVES,60496,59069,4.08,919.86
20,1,MALDIVES,49437,52013,2.03,906.05
20,2,MALDIVES,3187,967,0.02,600.90
20,3,MALDIVES,2883,2970,0.58,610.65
20,4,MALDIVES,32759,34416,1.19,627.22
21,1,MALDIVES,75609,81992,58.84,1160.88
21,2,MALDIVES,20955,24498,16.27,1069.14
21,3,MALDIVES,54438,123482,5.57,1037.27
21,4,MALDIVES,115305,114002,4.91,1357.72
22,1,MALDIVES,66576,76544,3.92,1472.96
22,2,MALDIVES,93629,90705,4.41,1325.71
22,3,MALDIVES,80109,85674,2.71,2024.09
22,4,MALDIVES,104981,104046,4.23,1577.93
23,1,MALDIVES,95249,103551,5.19,1363.56
23,2,MALDIVES,78812,73252,3.02,1015.73
23,3,MALDIVES,71293,79079,1.03,942.52
23,4,MALDIVES,98721,95791,1.11,1137.79
24,1,MALDIVES,80204,83785,0.67,1310.34
24,2,MALDIVES,76251,71029,1.07,1173.68
24,3,MALDIVES,65694,65711,1.25,1142.58
24,4,MALDIVES,75042,72249,0.64,961.50
25,1,MALDIVES,72641,70371,1.47,994.26
25,2,MALDIVES,68574,66488,1.09,902.01
25,3,MALDIVES,71058,67258,22.65,943.85
21,2,MALTA,0,0,0.00,43.92
21,3,MALTA,0,0,0.00,70.64
15,1,MAURITIUS,19313,20599,57.93,683.11
15,2,MAURITIUS,22918,25767,78.65,894.93
15,3,MAURITIUS,18044,17690,90.49,648.18
15,4,MAURITIUS,22285,22026,49.98,600.95
16,1,MAURITIUS,21752,23870,62.89,610.96
16,2,MAURITIUS,24758,27514,55.57,563.57
16,3,MAURITIUS,23789,24830,60.57,540.47
16,4,MAURITIUS,25398,24157,71.19,630.12
17,1,MAURITIUS,23928,24864,72.18,654.43
17,2,MAURITIUS,28537,31504,62.68,698.96
17,3,MAURITIUS,22073,22277,56.29,1030.96
17,4,MAURITIUS,27419,23515,218.32,1129.34
18,1,MAURITIUS,26921,28841,143.28,947.71
18,2,MAURITIUS,34575,35254,119.07,1633.61
18,3,MAURITIUS,26332,28796,203.17,1213.26
18,4,MAURITIUS,25216,24506,96.71,1183.90
19,1,MAURITIUS,23021,25712,36.23,969.22
19,2,MAURITIUS,26813,31284,50.43,1290.97
19,3,MAURITIUS,22695,23642,106.75,1303.60
19,4,MAURITIUS,30599,27914,54.93,1123.24
20,1,MAURITIUS,21293,23478,54.23,912.75
20,2,MAURITIUS,593,212,0.00,17.03
21,1,MAURITIUS,616,343,3.03,595.71
21,2,MAURITIUS,493,548,7.47,618.30
21,3,MAURITIUS,409,1224,4.24,869.03
21,4,MAURITIUS,3333,3468,30.44,611.44
22,1,MAURITIUS,4542,5743,47.82,1044.36
22,2,MAURITIUS,15415,17369,93.46,564.24
22,3,MAURITIUS,15177,16967,140.89,876.48
22,4,MAURITIUS,19163,17535,67.47,785.06
23,1,MAURITIUS,16373,18443,64.27,1013.56
23,2,MAURITIUS,26162,26844,70.55,1160.87
23,3,MAURITIUS,24157,25306,48.52,1007.74
23,4,MAURITIUS,27363,27625,55.05,1229.90
24,1,MAURITIUS,28114,26630,35.71,1029.58
24,2,MAURITIUS,28206,33430,30.42,1283.40
24,3,MAURITIUS,27013,28488,56.33,1061.90
24,4,MAURITIUS,32848,31116,27.08,873.25
25,1,MAURITIUS,33195,36453,58.19,951.57
25,2,MAURITIUS,36339,38882,29.65,930.28
25,3,MAURITIUS,34395,36347,42.55,795.09
15,1,NEPAL,121569,122260,350.50,258.11
15,2,NEPAL,97838,89824,246.48,518.25
15,3,NEPAL,73142,77803,181.63,408.38
15,4,NEPAL,100054,88824,129.44,347.76
16,1,NEPAL,97289,90284,92.14,418.75
16,2,NEPAL,101383,92272,150.35,353.63
16,3,NEPAL,97207,97475,140.95,435.97
16,4,NEPAL,118517,109775,169.92,221.75
17,1,NEPAL,119363,124339,147.16,362.46
17,2,NEPAL,138175,124600,148.81,402.85
17,3,NEPAL,114615,125633,164.30,534.06
17,4,NEPAL,132739,127614,176.56,553.15
18,1,NEPAL,116172,123887,172.11,541.64
18,2,NEPAL,125765,121191,147.40,614.10
18,3,NEPAL,104459,112273,167.24,717.31
18,4,NEPAL,130799,131230,117.38,469.12
19,1,NEPAL,117937,123858,104.53,420.65
19,2,NEPAL,94871,91863,62.59,402.33
19,3,NEPAL,95402,97334,88.76,528.91
19,4,NEPAL,112464,110817,48.28,381.60
20,1,NEPAL,78841,79925,33.15,334.56
20,2,NEPAL,164,0,0.00,4.15
20,3,NEPAL,0,0,0.00,10.22
20,4,NEPAL,1689,1808,2.02,10.09
21,1,NEPAL,11321,11738,4.19,88.94
21,2,NEPAL,3735,5811,5.46,62.19
21,3,NEPAL,12545,11493,36.35,273.09
21,4,NEPAL,31128,34400,65.47,167.88
22,1,NEPAL,47021,38365,36.45,135.44
22,2,NEPAL,102532,95538,67.28,151.79
22,3,NEPAL,89174,81938,154.45,190.09
22,4,NEPAL,135066,110244,187.54,163.89
23,1,NEPAL,131405,121533,204.30,194.36
23,2,NEPAL,172104,153104,205.28,171.58
23,3,NEPAL,148057,133514,248.98,211.46
23,4,NEPAL,163934,159955,185.05,224.03
24,1,NEPAL,161208,160109,99.42,214.12
24,2,NEPAL,176661,160947,213.78,280.09
24,3,NEPAL,153634,141580,201.34,322.03
24,4,NEPAL,145265,139276,224.02,300.67
25,1,NEPAL,131578,132042,137.51,359.63
25,2,NEPAL,166793,146252,233.30,341.12
25,3,NEPAL,144255,140378,237.44,402.49
15,1,NETHERLANDS,65210,70911,2995.98,4418.31
15,2,NETHERLANDS,17994,20711,577.87,1592.70
15,3,NETHERLANDS,13576,14505,701.17,1483.83
15,4,NETHERLANDS,32142,30197,589.58,1282.92
16,1,NETHERLANDS,29053,31939,518.91,877.84
16,2,NETHERLANDS,53139,61373,2538.52,2837.89
16,3,NETHERLANDS,60098,63215,2478.62,2827.59
16,4,NETHERLANDS,70746,64703,2919.93,3135.85
17,1,NETHERLANDS,66161,76634,3537.48,3485.29
17,2,NETHERLANDS,61372,69525,4110.25,4488.83
17,3,NETHERLANDS,70199,70959,4112.01,4388.72
17,4,NETHERLANDS,101816,87289,5074.60,5634.03
18,1,NETHERLANDS,97614,111483,5091.27,6375.58
18,2,NETHERLANDS,89975,103860,5912.96,6314.15
18,3,NETHERLANDS,99285,107789,5534.35,6542.53
18,4,NETHERLANDS,115306,106373,5191.88,6695.31
19,1,NETHERLANDS,97946,115137,4671.82,5464.44
19,2,NETHERLANDS,41470,45807,1920.05,2542.41
19,3,NETHERLANDS,36480,37206,1520.29,2335.73
19,4,NETHERLANDS,61531,59355,2375.95,3378.21
20,1,NETHERLANDS,44072,45968,960.39,1561.77
20,2,NETHERLANDS,953,370,191.27,24.00
20,3,NETHERLANDS,1412,18566,1646.26,1887.53
20,4,NETHERLANDS,11210,15107,2275.05,2097.61
21,1,NETHERLANDS,12458,19320,2007.16,2210.76
21,2,NETHERLANDS,8565,19427,1967.93,2465.85
21,3,NETHERLANDS,18084,30612,2034.60,2071.85
21,4,NETHERLANDS,31443,29818,1465.74,2166.91
22,1,NETHERLANDS,29327,33160,1376.88,1574.54
22,2,NETHERLANDS,56021,58515,2074.32,2522.22
22,3,NETHERLANDS,73347,81790,2917.10,3095.89
22,4,NETHERLANDS,74582,72975,3012.13,3416.32
23,1,NETHERLANDS,62675,74329,2352.26,2731.68
23,2,NETHERLANDS,62369,70710,2284.17,2985.72
23,3,NETHERLANDS,67283,76995,2962.94,3257.55
23,4,NETHERLANDS,79138,75329,3208.58,3734.24
24,1,NETHERLANDS,78831,84934,3229.16,3842.13
24,2,NETHERLANDS,67281,76566,2281.30,3224.83
24,3,NETHERLANDS,80384,84827,2698.60,3563.92
24,4,NETHERLANDS,101161,90254,3466.12,4161.96
25,1,NETHERLANDS,97428,107092,3786.79,4276.19
25,2,NETHERLANDS,81059,86093,2068.12,3590.05
25,3,NETHERLANDS,102530,98616,4687.86,5933.05
20,2,NEW ZELAND,959,1537,2.81,4.70
20,3,NEW ZELAND,386,561,0.49,10.10
20,2,NIGERIA,1702,0,0.00,11.57
20,3,NIGERIA,502,518,0.00,0.00
20,4,NIGERIA,850,1251,0.00,28.54
21,1,NIGERIA,323,322,0.01,220.98
21,2,NIGERIA,0,0,0.00,466.61
21,3,NIGERIA,0,320,6.61,534.63
15,1,OMAN,269011,306957,512.61,3350.59
15,2,OMAN,299995,318252,506.46,3541.08
15,3,OMAN,284579,323230,520.48,3541.45
15,4,OMAN,322076,315539,726.33,3355.16
16,1,OMAN,358660,357560,556.37,5162.65
16,2,OMAN,356088,352264,734.06,5011.26
16,3,OMAN,357540,390897,519.11,4138.34
16,4,OMAN,369507,346703,593.97,4261.91
17,1,OMAN,373984,401851,558.05,5410.32
17,2,OMAN,465638,382694,1257.23,6168.43
17,3,OMAN,410728,456138,453.29,5726.17
17,4,OMAN,432017,411334,547.60,4785.99
18,1,OMAN,405239,431152,461.18,13611.50
18,2,OMAN,490595,423240,716.00,5293.15
18,3,OMAN,421644,480772,557.77,5293.48
18,4,OMAN,445814,426488,555.02,5396.72
19,1,OMAN,402810,428112,835.86,5467.22
19,2,OMAN,439794,393270,587.52,6150.14
19,3,OMAN,282118,351320,310.63,4073.02
19,4,OMAN,425930,380448,528.45,6040.85
20,1,OMAN,308591,335059,739.76,6188.17
20,2,OMAN,17093,1110,6.97,1084.83
20,3,OMAN,50558,14406,24.73,1635.25
20,4,OMAN,74988,49628,145.70,1843.83
21,1,OMAN,93409,106069,385.97,2197.74
21,2,OMAN,61222,35232,539.71,2255.18
21,3,OMAN,67029,48101,858.22,2611.76
21,4,OMAN,125852,137655,1530.63,3235.67
22,1,OMAN,139686,181437,1290.35,3450.13
22,2,OMAN,256188,249066,1268.38,3923.95
22,3,OMAN,234963,331422,948.88,4434.76
22,4,OMAN,292080,293012,1018.19,4043.66
23,1,OMAN,264598,345821,862.28,3277.01
23,2,OMAN,355237,333658,1462.94,4811.59
23,3,OMAN,261904,361787,1691.63,4214.74
23,4,OMAN,353037,321861,2102.72,6169.60
24,1,OMAN,314686,376532,1393.74,4460.45
24,2,OMAN,349474,325128,1134.28,3102.25
24,3,OMAN,314550,381664,789.06,3935.27
24,4,OMAN,353343,336876,1138.40,3763.39
25,1,OMAN,311249,372567,1368.12,4627.97
25,2,OMAN,380858,350265,1031.90,4443.15
25,3,OMAN,339179,422681,1065.91,4491.32
15,1,PAKISTAN,3629,6879,32.70,104.54
15,2,PAKISTAN,3077,6919,18.89,96.27
15,3,PAKISTAN,2958,6038,21.69,87.70
15,4,PAKISTAN,3478,5674,13.29,91.38
16,1,PAKISTAN,2565,6194,8.10,54.38
16,2,PAKISTAN,2886,6099,10.45,58.98
16,3,PAKISTAN,2715,4849,4.98,13.20
16,4,PAKISTAN,1371,1475,4.06,23.97
17,1,PAKISTAN,2122,3030,4.30,60.74
17,2,PAKISTAN,947,2654,3.31,20.17
17,3,PAKISTAN,375,560,0.13,1.05
17,4,PAKISTAN,589,985,0.48,0.35
18,1,PAKISTAN,622,1347,0.84,0.00
18,2,PAKISTAN,470,1034,0.43,0.39
18,3,PAKISTAN,501,1064,0.08,0.39
18,4,PAKISTAN,660,955,0.00,0.00
19,1,PAKISTAN,337,512,0.00,0.00
20,2,PHILIPPINES,2348,256,0.00,15.16
20,3,PHILIPPINES,3861,719,0.00,17.61
20,4,PHILIPPINES,400,307,0.00,0.00
21,1,PHILIPPINES,64,165,0.00,0.00
21,1,POLAND,0,0,281.67,636.48
21,2,POLAND,0,0,607.63,1218.21
21,3,POLAND,0,0,487.04,1211.18
21,4,POLAND,0,0,465.32,1285.86
22,1,POLAND,2629,0,255.66,894.20
22,2,POLAND,8128,13718,377.53,880.41
22,3,POLAND,14681,14115,440.78,939.21
22,4,POLAND,16801,14312,473.07,758.82
23,1,POLAND,12729,16288,305.59,853.59
23,2,POLAND,8312,14932,138.38,846.07
23,3,POLAND,10197,14901,149.73,953.69
23,4,POLAND,15816,13026,299.85,727.70
24,1,POLAND,13464,15614,312.36,866.90
24,2,POLAND,8695,14824,189.72,759.77
24,3,POLAND,13021,14055,103.14,794.15
24,4,POLAND,15924,12626,92.63,878.84
25,1,POLAND,14121,16013,109.89,768.57
25,2,POLAND,10571,14335,161.47,800.02
25,3,POLAND,10666,12771,212.12,586.00
21,3,PORTUGAL,0,0,0.00,72.33
21,4,PORTUGAL,0,0,0.00,220.70
15,1,QATAR,287107,328608,8975.91,16931.42
15,2,QATAR,323093,333736,10918.47,19480.58
15,3,QATAR,324276,332816,11448.71,20567.64
15,4,QATAR,425728,401387,14247.64,25598.19
16,1,QATAR,315745,367570,11982.20,22733.04
16,2,QATAR,342744,353106,11958.02,24984.36
16,3,QATAR,358504,365078,14085.65,25616.20
16,4,QATAR,379866,352525,15084.89,24976.58
17,1,QATAR,348660,382367,16166.14,28409.60
17,2,QATAR,383920,362756,16286.75,30804.32
17,3,QATAR,401233,413277,16650.08,31434.23
17,4,QATAR,415209,382398,17207.90,29725.99
18,1,QATAR,402569,462560,21305.94,31699.48
18,2,QATAR,428877,437988,20201.37,34246.53
18,3,QATAR,425323,454238,19466.13,31442.56
18,4,QATAR,457616,394396,18335.18,30121.56
19,1,QATAR,409390,462401,18321.51,30624.75
19,2,QATAR,450421,445635,20394.81,33961.05
19,3,QATAR,432356,460711,19461.74,29035.02
19,4,QATAR,468735,430887,20153.45,28333.91
20,1,QATAR,335018,385860,20558.62,30304.01
20,2,QATAR,33264,15488,11277.30,25363.51
20,3,QATAR,80963,36636,20774.56,30897.93
20,4,QATAR,86472,64648,24673.39,27472.75
21,1,QATAR,128863,129939,28586.32,34353.70
21,2,QATAR,150378,179381,27092.54,33792.24
21,3,QATAR,283086,370553,23471.93,32600.10
21,4,QATAR,385148,414326,24257.62,30076.96
22,1,QATAR,377657,442789,24011.37,30247.45
22,2,QATAR,425908,438944,22767.80,27725.02
22,3,QATAR,406372,479194,19634.36,25227.22
22,4,QATAR,485837,424113,17172.82,24713.19
23,1,QATAR,478457,527682,17848.01,29027.68
23,2,QATAR,480523,483829,16493.01,30107.13
23,3,QATAR,477542,518017,16492.51,27682.39
23,4,QATAR,548047,499550,17704.42,24978.73
24,1,QATAR,516613,557488,18395.29,30079.83
24,2,QATAR,536448,522719,15701.46,27567.70
24,3,QATAR,505187,531211,16006.70,25756.48
24,4,QATAR,573175,527115,19469.26,24822.26
25,1,QATAR,526692,568825,19497.89,28245.69
25,2,QATAR,538777,543564,20264.57,30623.71
25,3,QATAR,521071,552539,20852.79,30887.31
15,1,REUNION,0,0,0.00,0.00
15,2,REUNION,208,181,0.00,0.96
15,3,REUNION,470,311,0.00,1.56
15,4,REUNION,457,445,0.04,5.69
16,1,REUNION,691,642,0.02,6.27
16,2,REUNION,461,496,0.00,3.30
16,3,REUNION,457,445,1.97,3.29
16,4,REUNION,1745,1090,0.17,16.95
17,1,REUNION,1695,2104,0.52,18.09
17,2,REUNION,949,1170,0.00,6.52
17,3,REUNION,1332,1346,0.88,10.75
17,4,REUNION,1485,1138,1.96,15.67
18,1,REUNION,1713,2208,0.57,12.66
18,2,REUNION,810,1028,0.61,18.72
18,3,REUNION,795,1036,0.34,14.32
18,4,REUNION,1770,1593,0.01,8.64
19,1,REUNION,2074,2579,0.28,3.01
19,2,REUNION,1554,1694,0.55,6.26
19,3,REUNION,2659,2902,0.09,9.20
19,4,REUNION,2213,1327,0.36,5.74
20,1,REUNION,1647,1806,0.33,2.80
22,2,REUNION,681,920,0.36,9.36
22,3,REUNION,1404,1497,0.72,11.99
22,4,REUNION,1733,1576,0.27,13.96
23,1,REUNION,1729,1885,0.96,5.36
23,2,REUNION,0,111,0.00,0.00
22,1,ROMANIA,4892,5,0.00,25.89
15,1,RUSSIA,34593,42764,142.51,1160.54
15,2,RUSSIA,23939,32816,185.75,1390.29
15,3,RUSSIA,29120,31931,240.84,1077.17
15,4,RUSSIA,29382,24457,195.22,720.82
16,1,RUSSIA,22177,28063,337.68,567.73
16,2,RUSSIA,21458,26416,46.21,297.25
16,3,RUSSIA,27458,26032,39.27,257.40
16,4,RUSSIA,64154,52344,77.11,514.62
17,1,RUSSIA,55102,62477,75.27,1279.04
17,2,RUSSIA,41910,51759,185.53,1866.85
17,3,RUSSIA,37582,37320,102.31,1867.65
17,4,RUSSIA,66024,55696,123.29,1822.20
18,1,RUSSIA,63160,70245,114.32,1539.85
18,2,RUSSIA,37003,47550,106.17,1616.75
18,3,RUSSIA,37350,38966,89.54,1376.24
18,4,RUSSIA,63564,53882,99.03,860.14
19,1,RUSSIA,62378,71541,102.63,772.60
19,2,RUSSIA,44854,56589,146.47,1167.37
19,3,RUSSIA,30070,30197,277.58,516.76
19,4,RUSSIA,21068,16273,9.06,0.90
20,1,RUSSIA,20998,24339,10.09,0.75
20,2,RUSSIA,2367,1173,0.28,182.89
20,3,RUSSIA,1642,645,9.87,230.06
20,4,RUSSIA,959,357,11.20,512.18
21,1,RUSSIA,3262,4255,27.08,389.33
21,2,RUSSIA,5705,10438,144.61,569.10
21,3,RUSSIA,10710,14483,91.91,652.72
21,4,RUSSIA,13616,13998,189.96,610.91
22,1,RUSSIA,13359,14679,100.68,453.23
22,2,RUSSIA,4458,4349,38.57,166.91
22,3,RUSSIA,11881,11872,101.09,487.67
22,4,RUSSIA,16826,14155,112.70,678.17
23,1,RUSSIA,17934,18786,115.19,788.35
23,2,RUSSIA,18127,21335,198.74,789.88
23,3,RUSSIA,15168,22261,125.19,535.86
23,4,RUSSIA,40205,35956,116.62,1108.94
24,1,RUSSIA,38609,41653,86.99,1452.10
24,2,RUSSIA,20803,25733,162.33,984.92
24,3,RUSSIA,14619,15545,42.61,200.47
24,4,RUSSIA,38036,35745,89.65,604.46
25,1,RUSSIA,38266,41340,119.48,405.49
25,2,RUSSIA,17625,21824,65.61,243.18
25,3,RUSSIA,16130,17407,36.84,205.48
17,2,RWANDA,3390,3447,0.00,0.00
17,3,RWANDA,3607,4268,0.00,0.00
17,4,RWANDA,3120,2728,0.00,0.00
18,1,RWANDA,2578,3890,0.00,0.00
18,2,RWANDA,3061,4228,0.00,0.00
18,3,RWANDA,3547,4199,0.00,0.00
18,4,RWANDA,3606,2825,0.00,0.00
19,1,RWANDA,2836,3808,0.00,0.00
19,2,RWANDA,4122,5738,0.00,0.00
19,3,RWANDA,2661,3115,0.00,0.00
19,4,RWANDA,3682,3424,0.00,0.00
20,1,RWANDA,2377,2568,0.00,0.00
20,3,RWANDA,103,79,0.00,0.00
20,4,RWANDA,964,1145,0.00,0.00
21,1,RWANDA,807,1061,0.00,0.00
21,3,RWANDA,289,442,0.00,0.00
21,4,RWANDA,5071,5226,0.00,0.00
22,1,RWANDA,4745,4938,0.00,0.00
22,2,RWANDA,2085,2968,0.00,0.00
22,3,RWANDA,2029,2581,0.00,0.00
22,4,RWANDA,3091,2213,0.00,0.00
23,1,RWANDA,1676,2376,0.00,0.00
23,2,RWANDA,1923,2058,0.00,52.38
23,3,RWANDA,1928,2232,0.00,33.54
23,4,RWANDA,2354,1856,0.00,56.18
24,1,RWANDA,1274,2065,0.00,29.80
15,1,SAUDI ARABIA,381111,434124,1933.12,10542.10
15,2,SAUDI ARABIA,385801,401634,1764.34,13585.56
15,3,SAUDI ARABIA,361686,370282,1315.18,11315.25
15,4,SAUDI ARABIA,380930,378881,1619.26,12292.75
16,1,SAUDI ARABIA,387154,425966,1278.47,11911.42
16,2,SAUDI ARABIA,435796,410045,1899.40,13195.13
16,3,SAUDI ARABIA,400886,411129,1766.27,11253.91
16,4,SAUDI ARABIA,397391,378015,2178.34,11855.06
17,1,SAUDI ARABIA,388916,424112,2875.49,14869.59
17,2,SAUDI ARABIA,445800,381530,3234.23,16901.59
17,3,SAUDI ARABIA,381863,385661,1521.27,13200.32
17,4,SAUDI ARABIA,431772,410010,2205.75,12707.91
18,1,SAUDI ARABIA,422511,430205,2981.24,11536.60
18,2,SAUDI ARABIA,471886,378287,2553.87,12647.00
18,3,SAUDI ARABIA,368909,395136,2137.43,11261.20
18,4,SAUDI ARABIA,407626,397279,2441.05,9093.79
19,1,SAUDI ARABIA,358510,386102,1710.06,8892.89
19,2,SAUDI ARABIA,378432,342308,2309.83,9154.59
19,3,SAUDI ARABIA,320145,393388,2176.83,6392.02
19,4,SAUDI ARABIA,448001,459790,1787.98,11988.76
20,1,SAUDI ARABIA,341750,379616,1289.98,7944.36
20,2,SAUDI ARABIA,25357,2275,61.45,1300.32
20,3,SAUDI ARABIA,154399,2431,170.43,2114.79
20,4,SAUDI ARABIA,120431,70,4.91,876.43
21,1,SAUDI ARABIA,143418,3821,23.79,788.69
21,2,SAUDI ARABIA,67280,10173,8.68,774.28
21,3,SAUDI ARABIA,70160,19592,11.05,879.00
21,4,SAUDI ARABIA,76022,66707,6.67,407.42
22,1,SAUDI ARABIA,199553,312648,909.41,5854.35
22,2,SAUDI ARABIA,372353,418278,1093.44,7116.08
22,3,SAUDI ARABIA,398763,546369,1045.04,5851.74
22,4,SAUDI ARABIA,471519,494562,829.92,5214.49
23,1,SAUDI ARABIA,447802,581522,806.07,8330.08
23,2,SAUDI ARABIA,533691,476383,894.40,6654.38
23,3,SAUDI ARABIA,489022,616011,543.11,6761.24
23,4,SAUDI ARABIA,625290,621337,740.86,7841.22
24,1,SAUDI ARABIA,586709,658701,1005.27,10574.75
24,2,SAUDI ARABIA,616429,530243,1008.01,7668.67
24,3,SAUDI ARABIA,600406,722387,1371.25,8973.32
24,4,SAUDI ARABIA,744393,736134,1320.95,9874.48
25,1,SAUDI ARABIA,682306,761936,1703.64,13082.46
25,2,SAUDI ARABIA,596943,506814,830.71,8369.18
25,3,SAUDI ARABIA,672834,802090,996.16,11168.78
20,3,SCOTLAND,35,117,0.00,0.00
21,3,SCOTLAND,0,119,0.00,0.00
20,3,SENEGAL,131,0,0.00,0.00
15,1,SEYCHELLES,3374,3690,0.80,3.52
15,2,SEYCHELLES,3965,4175,1.72,12.40
15,3,SEYCHELLES,5377,5068,0.41,8.41
15,4,SEYCHELLES,5903,5165,0.34,7.99
16,1,SEYCHELLES,6332,6340,0.38,6.10
16,2,SEYCHELLES,6546,6907,2.59,10.22
16,3,SEYCHELLES,6543,6906,0.46,28.45
16,4,SEYCHELLES,4695,12121,1.39,10.81
17,1,SEYCHELLES,7740,7842,1.30,18.57
17,2,SEYCHELLES,8931,9320,1.97,29.04
17,3,SEYCHELLES,7092,8003,3.29,97.45
17,4,SEYCHELLES,7963,7524,1.60,148.18
18,1,SEYCHELLES,4733,4979,18.02,29.10
18,2,SEYCHELLES,6417,7143,26.94,59.88
18,3,SEYCHELLES,5311,6453,1.13,69.91
18,4,SEYCHELLES,5995,5546,1.04,86.50
19,1,SEYCHELLES,6629,7304,0.13,61.78
19,2,SEYCHELLES,6823,8582,0.36,41.24
19,4,SEYCHELLES,5776,5248,0.33,37.32
20,1,SEYCHELLES,2481,3315,0.73,14.77
20,2,SEYCHELLES,407,0,1.14,45.70
20,3,SEYCHELLES,52,217,0.00,46.70
20,4,SEYCHELLES,2,42,0.00,10.05
21,1,SEYCHELLES,66,59,0.00,0.00
21,2,SEYCHELLES,148,348,0.06,0.52
21,3,SEYCHELLES,665,2822,0.00,0.00
21,4,SEYCHELLES,1347,2144,0.00,0.00
22,1,SEYCHELLES,841,1607,0.00,0.00
22,2,SEYCHELLES,594,1118,1.65,12.56
22,3,SEYCHELLES,973,1369,0.22,20.10
22,4,SEYCHELLES,1581,1915,1.07,24.22
23,1,SEYCHELLES,1088,1782,2.24,2.77
23,2,SEYCHELLES,1738,2475,0.17,10.77
23,3,SEYCHELLES,964,832,0.01,6.44
23,4,SEYCHELLES,1808,1826,0.40,18.85
24,1,SEYCHELLES,1256,1678,0.00,6.57
24,2,SEYCHELLES,1736,2175,0.17,14.50
24,3,SEYCHELLES,1078,1629,0.00,9.87
24,4,SEYCHELLES,1598,1914,0.00,10.97
25,1,SEYCHELLES,1749,2161,0.10,10.63
25,2,SEYCHELLES,6797,7222,0.00,25.54
25,3,SEYCHELLES,6208,7178,0.00,21.80
15,1,SINGAPORE,390386,449017,9757.42,11147.67
15,2,SINGAPORE,422871,440309,10402.26,12212.19
15,3,SINGAPORE,378166,393643,12962.52,12355.23
15,4,SINGAPORE,447714,415510,14574.46,13707.29
16,1,SINGAPORE,403094,481999,13706.30,13930.44
16,2,SINGAPORE,443051,460943,13521.55,15136.83
16,3,SINGAPORE,395277,413485,14494.99,15825.14
16,4,SINGAPORE,498117,448852,14308.36,16530.87
17,1,SINGAPORE,436300,495624,13649.88,16280.80
17,2,SINGAPORE,536312,543740,15173.10,17648.59
17,3,SINGAPORE,457738,497497,14156.77,16295.49
17,4,SINGAPORE,572609,529604,14656.78,16517.36
18,1,SINGAPORE,524478,593192,13836.78,16086.16
18,2,SINGAPORE,601987,633896,14492.39,17570.62
18,3,SINGAPORE,533759,572898,15256.10,18174.57
18,4,SINGAPORE,656274,606755,14787.12,16403.46
19,1,SINGAPORE,573320,654235,17320.06,14966.17
19,2,SINGAPORE,572341,598494,13281.47,14872.01
19,3,SINGAPORE,525425,565722,12007.85,15206.64
19,4,SINGAPORE,662143,614940,14361.32,13446.79
20,1,SINGAPORE,431320,495217,10901.78,13047.55
20,2,SINGAPORE,5707,2943,512.89,945.08
20,3,SINGAPORE,19721,6766,502.89,924.59
20,4,SINGAPORE,24447,8982,483.73,947.59
21,1,SINGAPORE,27504,19521,1070.02,2193.46
21,2,SINGAPORE,17732,7012,1017.44,1990.15
21,3,SINGAPORE,18210,4125,834.82,2028.85
21,4,SINGAPORE,65420,62647,3384.28,3609.84
22,1,SINGAPORE,105544,150839,7528.40,7781.15
22,2,SINGAPORE,405841,451543,8216.24,8565.98
22,3,SINGAPORE,455493,539989,7721.81,9604.07
22,4,SINGAPORE,597051,551338,7589.70,9987.98
23,1,SINGAPORE,494235,616445,7584.64,9996.01
23,2,SINGAPORE,608856,654715,8986.03,10877.23
23,3,SINGAPORE,550410,624170,11061.95,11349.92
23,4,SINGAPORE,704235,648854,10595.45,11959.85
24,1,SINGAPORE,632526,718029,10717.92,12124.45
24,2,SINGAPORE,677762,730870,11631.74,11623.58
24,3,SINGAPORE,606132,643679,13189.32,12221.79
24,4,SINGAPORE,759060,699294,12462.83,11489.48
25,1,SINGAPORE,670377,752844,12688.47,11693.35
25,2,SINGAPORE,706051,742847,13327.16,13268.10
25,3,SINGAPORE,629992,659439,15930.14,13969.01
15,1,SOUTH AFRICA,8483,11916,52.62,644.18
15,2,SOUTH AFRICA,0,0,0.00,0.00
15,3,SOUTH AFRICA,0,0,0.00,0.00
15,4,SOUTH AFRICA,0,0,0.00,0.00
16,1,SOUTH AFRICA,0,0,0.00,0.00
16,2,SOUTH AFRICA,0,0,0.00,0.00
16,3,SOUTH AFRICA,0,0,0.00,0.00
16,4,SOUTH AFRICA,0,0,0.00,0.00
17,1,SOUTH AFRICA,0,0,0.00,0.00
17,2,SOUTH AFRICA,0,0,0.00,0.00
17,3,SOUTH AFRICA,0,0,0.00,0.00
17,4,SOUTH AFRICA,0,0,0.00,0.00
18,1,SOUTH AFRICA,0,0,0.00,0.00
20,2,SOUTH AFRICA,247,68,0.00,14.12
20,3,SOUTH AFRICA,244,9,0.00,1.81
21,1,SOUTH AFRICA,0,0,31.34,144.11
21,2,SOUTH AFRICA,0,0,0.00,37.09
21,3,SOUTH AFRICA,0,0,0.00,36.46
16,4,SPAIN,2988,1553,12.62,50.87
17,1,SPAIN,5939,6211,27.25,290.43
17,2,SPAIN,6431,7062,56.23,342.20
17,3,SPAIN,7786,7154,34.94,285.24
17,4,SPAIN,7638,5514,78.71,243.57
18,1,SPAIN,7554,7688,200.57,313.74
18,2,SPAIN,6196,7506,164.33,319.52
18,3,SPAIN,7832,7146,132.63,382.23
18,4,SPAIN,8677,5900,213.26,345.93
19,1,SPAIN,5705,6036,128.58,292.94
19,2,SPAIN,4448,6753,69.65,252.17
19,3,SPAIN,7660,7210,1338.16,3107.71
19,4,SPAIN,8936,6269,1473.41,4092.14
20,1,SPAIN,5241,5868,1244.14,3034.04
20,2,SPAIN,245,174,0.00,2.86
20,4,SPAIN,0,0,75.75,259.43
21,1,SPAIN,0,0,0.00,114.21
21,2,SPAIN,0,0,0.00,38.44
21,4,SPAIN,0,0,0.00,65.32
22,1,SPAIN,0,0,0.00,33.11
15,1,SRI LANKA,208472,219502,2636.29,4871.10
15,2,SRI LANKA,233186,234198,1824.70,4659.33
15,3,SRI LANKA,237901,250331,2355.45,4754.81
15,4,SRI LANKA,240874,250335,2461.54,3688.03
16,1,SRI LANKA,251780,264511,2786.18,6478.82
16,2,SRI LANKA,254342,255725,2628.25,5668.72
16,3,SRI LANKA,276729,285617,3163.65,5318.75
16,4,SRI LANKA,265920,278011,2789.76,5068.86
17,1,SRI LANKA,232234,234260,2456.74,4599.39
17,2,SRI LANKA,285657,278157,2887.20,5971.63
17,3,SRI LANKA,302502,316354,3719.66,5888.51
17,4,SRI LANKA,325751,332709,4215.89,6106.88
18,1,SRI LANKA,345095,359457,4308.28,6163.46
18,2,SRI LANKA,371648,366475,4308.34,5838.46
18,3,SRI LANKA,337674,348995,3498.23,5832.06
18,4,SRI LANKA,336640,346660,3798.74,5000.02
19,1,SRI LANKA,339976,349318,3536.39,5370.90
19,2,SRI LANKA,300308,288197,3151.83,4817.87
19,3,SRI LANKA,318688,323383,3135.16,4723.31
19,4,SRI LANKA,342733,353244,3152.98,4701.50
20,1,SRI LANKA,283433,285452,2203.91,5802.03
20,2,SRI LANKA,1963,2463,248.10,332.89
20,3,SRI LANKA,3514,1967,657.85,785.52
20,4,SRI LANKA,2428,5374,1520.59,1564.28
21,1,SRI LANKA,3794,6004,1969.95,1579.46
21,2,SRI LANKA,3310,1945,2040.08,1536.65
21,3,SRI LANKA,7556,13949,1835.24,1928.73
21,4,SRI LANKA,112720,109496,1913.75,2088.59
22,1,SRI LANKA,138732,154852,1408.85,2260.01
22,2,SRI LANKA,152719,147426,2047.16,2888.24
22,3,SRI LANKA,131301,140308,1322.04,2122.93
22,4,SRI LANKA,167908,163028,1203.87,2309.95
23,1,SRI LANKA,180642,189650,1247.64,2433.06
23,2,SRI LANKA,201749,199549,1411.41,2337.47
23,3,SRI LANKA,210835,233427,1404.58,2736.97
23,4,SRI LANKA,218735,225273,1516.73,2610.38
24,1,SRI LANKA,230792,244931,1666.47,2846.43
24,2,SRI LANKA,209094,220225,1532.66,3000.74
24,3,SRI LANKA,230404,250582,2590.98,3367.81
24,4,SRI LANKA,251538,263882,1690.64,3012.10
25,1,SRI LANKA,277154,285309,1655.92,2826.24
25,2,SRI LANKA,268195,279095,1719.29,3268.03
25,3,SRI LANKA,276775,301166,3640.95,3427.71
20,4,SUDAN,0,0,0.00,104.86
21,1,SUDAN,0,0,0.00,163.43
17,3,SWEDEN,2440,4008,61.36,39.01
17,4,SWEDEN,8033,6135,119.85,83.05
18,1,SWEDEN,7253,8500,172.35,171.43
18,2,SWEDEN,6552,8296,91.38,244.55
18,3,SWEDEN,7755,8364,111.90,226.09
18,4,SWEDEN,8766,6916,282.22,188.72
19,1,SWEDEN,7501,8581,190.09,196.89
19,2,SWEDEN,7813,8503,206.50,211.05
19,3,SWEDEN,8174,8256,200.69,137.99
19,4,SWEDEN,8983,6549,157.69,210.41
20,1,SWEDEN,6882,7366,98.45,175.00
20,2,SWEDEN,645,536,0.06,3.92
20,3,SWEDEN,240,285,0.00,1.13
15,1,SWITZERLAND,32499,38773,2176.67,2868.66
15,2,SWITZERLAND,32344,40921,2122.65,2772.75
15,3,SWITZERLAND,34218,38107,2466.01,2615.33
15,4,SWITZERLAND,36659,34928,2307.85,2644.61
16,1,SWITZERLAND,31702,38756,2306.41,2481.90
16,2,SWITZERLAND,30065,40761,2289.32,2912.18
16,3,SWITZERLAND,32549,37014,2136.64,2767.72
16,4,SWITZERLAND,39647,36147,2411.97,2747.68
17,1,SWITZERLAND,30884,39354,2403.19,2771.25
17,2,SWITZERLAND,32471,39718,2568.66,3523.09
17,3,SWITZERLAND,33257,36847,2326.87,3130.41
17,4,SWITZERLAND,38149,35471,2547.65,3113.81
18,1,SWITZERLAND,31517,38749,2535.65,2810.83
18,2,SWITZERLAND,30733,40380,2446.77,3222.22
18,3,SWITZERLAND,32772,37188,2280.01,2957.68
18,4,SWITZERLAND,38487,33931,2005.87,2680.94
19,1,SWITZERLAND,30586,37657,2151.63,2481.23
19,2,SWITZERLAND,34973,40037,2422.53,2664.93
19,3,SWITZERLAND,22846,24239,1299.20,1798.28
19,4,SWITZERLAND,39657,34727,1954.66,2607.22
20,1,SWITZERLAND,23306,29142,1451.09,2087.53
20,2,SWITZERLAND,0,0,367.52,528.03
20,3,SWITZERLAND,0,0,583.01,1204.47
20,4,SWITZERLAND,0,0,1017.30,1596.40
21,1,SWITZERLAND,0,0,1100.60,1546.78
21,2,SWITZERLAND,0,0,835.33,1351.33
21,3,SWITZERLAND,0,0,843.99,1318.09
21,4,SWITZERLAND,0,0,740.59,1006.73
22,1,SWITZERLAND,8466,10436,879.86,838.22
22,2,SWITZERLAND,15749,20249,1344.70,1421.27
22,3,SWITZERLAND,25673,29077,1611.65,1782.54
22,4,SWITZERLAND,36416,33919,1976.36,1831.59
23,1,SWITZERLAND,33058,38736,1922.60,1735.45
23,2,SWITZERLAND,31028,36148,1995.95,2299.14
23,3,SWITZERLAND,31851,39512,1674.59,2386.93
23,4,SWITZERLAND,40801,39109,1606.17,2197.75
24,1,SWITZERLAND,29648,39892,1727.26,2522.18
24,2,SWITZERLAND,33630,42032,1753.43,2704.91
24,3,SWITZERLAND,45290,51208,1993.24,2850.50
24,4,SWITZERLAND,52085,46587,2011.03,2310.73
25,1,SWITZERLAND,38705,50327,1900.20,2182.62
25,2,SWITZERLAND,41327,52127,1719.95,3021.72
25,3,SWITZERLAND,46255,50134,2128.05,3608.50
15,1,TAIWAN,2595,6650,214.29,68.63
15,2,TAIWAN,1288,7417,261.80,148.57
15,3,TAIWAN,1472,7804,283.35,148.54
15,4,TAIWAN,4858,6691,319.28,188.73
16,1,TAIWAN,4218,9632,255.65,254.26
16,2,TAIWAN,2057,7659,260.33,167.29
16,3,TAIWAN,3614,8324,436.70,185.06
16,4,TAIWAN,6727,9298,699.34,206.91
17,1,TAIWAN,8430,9342,796.07,297.74
17,2,TAIWAN,3498,5942,857.02,203.69
17,3,TAIWAN,5744,5967,874.92,262.26
17,4,TAIWAN,9043,7444,911.88,415.70
18,1,TAIWAN,9288,9942,1007.18,443.26
18,2,TAIWAN,4151,6349,611.81,377.49
18,3,TAIWAN,5752,6725,919.69,358.50
18,4,TAIWAN,9442,7365,1019.43,322.62
19,1,TAIWAN,9343,10753,863.09,294.11
19,2,TAIWAN,6809,7443,800.03,202.96
19,3,TAIWAN,6636,7514,1024.58,1052.15
19,4,TAIWAN,10503,8112,1191.90,314.49
20,1,TAIWAN,6857,8344,1266.43,366.73
20,2,TAIWAN,0,0,156.37,98.01
20,3,TAIWAN,0,0,501.53,116.68
20,4,TAIWAN,0,0,1197.72,250.08
21,1,TAIWAN,36,58,1449.49,918.79
21,2,TAIWAN,0,0,386.46,211.51
21,4,TAIWAN,0,0,59.70,21.64
22,1,TAIWAN,0,0,524.75,163.35
22,2,TAIWAN,0,0,528.12,174.94
22,3,TAIWAN,0,0,490.39,335.42
22,4,TAIWAN,0,0,426.03,190.12
23,1,TAIWAN,0,0,214.13,388.02
23,2,TAIWAN,0,0,304.21,186.02
23,3,TAIWAN,0,0,224.98,117.88
23,4,TAIWAN,0,0,334.89,233.48
24,1,TAIWAN,0,0,456.33,485.40
24,2,TAIWAN,0,0,436.34,151.11
24,3,TAIWAN,0,0,441.45,204.69
24,4,TAIWAN,0,0,517.18,280.54
25,1,TAIWAN,0,0,341.94,330.19
25,2,TAIWAN,0,0,650.38,199.82
25,3,TAIWAN,0,0,492.85,348.84
15,1,TAJIKISTAN,554,492,0.00,11.22
15,2,TAJIKISTAN,2600,381,0.00,7.97
15,3,TAJIKISTAN,541,786,3.29,6.69
15,4,TAJIKISTAN,558,384,0.00,7.31
16,1,TAJIKISTAN,848,751,0.00,13.68
16,2,TAJIKISTAN,1149,790,0.19,30.64
16,3,TAJIKISTAN,1050,1446,0.00,35.66
16,4,TAJIKISTAN,944,904,0.00,33.84
17,1,TAJIKISTAN,1110,1172,2.38,42.68
17,2,TAJIKISTAN,1639,1302,1.61,46.99
17,3,TAJIKISTAN,1286,1771,0.00,38.01
17,4,TAJIKISTAN,1500,1591,2.03,38.33
18,1,TAJIKISTAN,1571,1516,2.77,39.12
18,2,TAJIKISTAN,2043,1329,0.85,37.78
18,3,TAJIKISTAN,1158,2059,1.43,20.69
18,4,TAJIKISTAN,1136,1160,2.70,16.89
20,2,TAJIKISTAN,283,62,0.00,4.63
20,3,TAJIKISTAN,0,0,485.37,386.20
21,1,TAJIKISTAN,0,0,0.00,26.61
21,2,TAJIKISTAN,0,0,3.69,38.80
21,3,TAJIKISTAN,169,0,0.00,28.47
22,1,TAJIKISTAN,0,0,0.00,32.62
22,1,TANZANIA,4064,5526,47.10,252.83
22,2,TANZANIA,3229,4268,141.12,122.97
22,3,TANZANIA,7144,7983,2.86,282.86
22,4,TANZANIA,9257,7753,19.04,242.72
23,1,TANZANIA,7503,9329,149.19,284.16
23,2,TANZANIA,7793,8867,25.08,231.99
23,3,TANZANIA,9371,10624,0.35,358.86
23,4,TANZANIA,7058,5594,1.94,60.68
24,1,TANZANIA,6625,7674,11.93,107.49
24,2,TANZANIA,8180,8999,0.41,159.99
24,3,TANZANIA,9137,8928,0.15,115.85
24,4,TANZANIA,11501,8854,5.15,226.58
25,1,TANZANIA,8608,10373,1.34,145.51
25,2,TANZANIA,8898,9390,0.34,223.16
25,3,TANZANIA,8142,9353,1.28,297.83
15,1,THAILAND,299368,309746,8809.51,7291.42
15,2,THAILAND,308994,313587,8908.12,6083.86
15,3,THAILAND,293122,301671,10092.45,5899.55
15,4,THAILAND,359590,337833,10229.78,5880.69
16,1,THAILAND,332072,345166,9611.44,6409.39
16,2,THAILAND,351894,364683,9272.64,5539.13
16,3,THAILAND,349844,346965,9870.74,5832.10
16,4,THAILAND,373640,381558,11088.70,6746.93
17,1,THAILAND,402740,408134,10857.94,7897.46
17,2,THAILAND,420103,428861,10719.88,6941.80
17,3,THAILAND,394914,394005,11133.40,8002.15
17,4,THAILAND,449178,441605,11590.93,8350.49
18,1,THAILAND,456456,467707,11759.76,9607.55
18,2,THAILAND,482122,484427,12267.92,9355.91
18,3,THAILAND,449869,455947,12979.61,9727.71
18,4,THAILAND,534650,524029,12382.64,9176.03
19,1,THAILAND,577306,582382,10995.01,9441.76
19,2,THAILAND,579632,594607,11139.69,8589.21
19,3,THAILAND,547544,549377,10356.62,9319.73
19,4,THAILAND,624179,621346,9524.46,8524.53
20,1,THAILAND,386241,372031,6652.93,6747.11
20,2,THAILAND,789,58,3726.51,1210.43
20,3,THAILAND,1627,775,6358.71,1212.60
20,4,THAILAND,1523,786,8075.00,1030.65
21,1,THAILAND,1900,1076,9923.76,2213.46
21,2,THAILAND,1738,875,7361.60,1512.63
21,3,THAILAND,2154,272,8464.26,1932.06
21,4,THAILAND,8091,7461,12198.90,2428.90
22,1,THAILAND,19076,23111,10102.25,5074.37
22,2,THAILAND,226324,263691,12739.96,6451.45
22,3,THAILAND,377345,415612,13012.86,5685.63
22,4,THAILAND,492157,519652,11635.77,5933.79
23,1,THAILAND,429952,482983,13388.10,7835.56
23,2,THAILAND,461016,492225,11994.24,7221.55
23,3,THAILAND,434552,459935,13681.10,6299.65
23,4,THAILAND,523353,516963,15087.81,7316.17
24,1,THAILAND,547876,572507,15306.12,8008.84
24,2,THAILAND,576191,584847,13585.68,8509.95
24,3,THAILAND,532576,543508,16452.17,8821.99
24,4,THAILAND,651676,655518,17127.09,10280.73
25,1,THAILAND,652438,677871,16575.78,9833.35
25,2,THAILAND,673234,681141,10966.86,9430.53
25,3,THAILAND,646445,660609,13091.08,9607.90
15,1,TURKEY,48881,52647,1692.12,2993.89
15,2,TURKEY,45687,53232,2163.45,3255.76
15,3,TURKEY,49767,51353,2409.69,3016.67
15,4,TURKEY,36867,31637,1561.88,1282.42
16,1,TURKEY,51627,55897,3636.28,4554.81
16,2,TURKEY,51091,59740,2632.63,3652.63
16,3,TURKEY,56502,59540,1731.19,2202.81
16,4,TURKEY,67343,54485,2992.23,3469.28
17,1,TURKEY,55231,64228,2591.18,3213.44
17,2,TURKEY,55818,64815,3454.34,4518.93
17,3,TURKEY,60249,59647,2912.81,4205.80
17,4,TURKEY,67330,61984,3292.31,4406.65
18,1,TURKEY,60975,65912,3978.01,4379.52
18,2,TURKEY,58580,66261,4075.35,5184.86
18,3,TURKEY,60395,61631,4766.91,5174.13
18,4,TURKEY,69136,60991,5184.07,5005.54
19,1,TURKEY,59791,66446,4897.21,5790.97
19,2,TURKEY,71600,81568,4977.62,7020.30
19,3,TURKEY,77124,78283,5901.03,6284.66
19,4,TURKEY,29859,20839,59.36,61.40
20,1,TURKEY,64836,76112,6374.83,7910.09
20,2,TURKEY,968,244,5582.08,7876.91
20,3,TURKEY,504,79,7319.56,8215.53
20,4,TURKEY,1694,1197,8249.17,8770.49
21,1,TURKEY,2483,2867,9244.82,9580.02
21,2,TURKEY,206,206,9827.94,10392.96
21,3,TURKEY,0,1906,8817.92,13145.91
21,4,TURKEY,171,0,9649.58,12470.47
22,1,TURKEY,8458,1544,8423.04,8786.90
22,2,TURKEY,50691,58486,11528.67,11954.81
22,3,TURKEY,74647,82420,9896.39,9016.71
22,4,TURKEY,87403,62559,7174.81,9002.10
23,1,TURKEY,94592,107209,5702.96,7309.56
23,2,TURKEY,90633,107916,6504.01,10111.51
23,3,TURKEY,126192,121650,7174.83,10727.59
23,4,TURKEY,149960,102551,5788.75,8253.76
24,1,TURKEY,121829,143393,7199.19,12010.26
24,2,TURKEY,111574,141688,11142.80,13859.25
24,3,TURKEY,117345,115980,11275.89,14041.94
24,4,TURKEY,150306,103972,8930.34,11812.32
25,1,TURKEY,139078,156341,8358.44,12501.71
25,2,TURKEY,123155,130753,11127.44,13993.51
25,3,TURKEY,112558,112908,9581.54,14636.10
15,1,TURKMENISTAN,13722,12397,0.00,44.33
15,2,TURKMENISTAN,5572,9682,0.00,28.03
15,3,TURKMENISTAN,10178,9808,1.24,77.43
15,4,TURKMENISTAN,12147,9168,0.62,54.73
16,1,TURKMENISTAN,13210,11947,0.35,50.94
16,2,TURKMENISTAN,6474,10904,0.00,39.25
16,3,TURKMENISTAN,10142,7746,4.93,26.86
16,4,TURKMENISTAN,10985,9215,0.00,63.09
17,1,TURKMENISTAN,11531,11182,0.00,47.56
17,2,TURKMENISTAN,6744,10557,1.96,102.65
17,3,TURKMENISTAN,9894,10583,4.93,51.43
17,4,TURKMENISTAN,17193,13061,0.00,120.78
18,1,TURKMENISTAN,18736,18006,0.00,88.10
18,2,TURKMENISTAN,10519,14884,0.00,65.79
18,3,TURKMENISTAN,14450,13866,0.00,95.55
18,4,TURKMENISTAN,17226,12841,1.25,145.59
19,1,TURKMENISTAN,12978,12728,0.00,244.15
19,2,TURKMENISTAN,5329,5548,0.00,164.81
19,3,TURKMENISTAN,3545,2974,0.00,186.55
19,4,TURKMENISTAN,4925,4663,0.00,198.01
20,1,TURKMENISTAN,3343,3330,0.00,57.49
20,3,TURKMENISTAN,90,140,0.00,211.42
20,4,TURKMENISTAN,0,0,0.00,2.77
21,1,TURKMENISTAN,129,5,0.00,0.00
21,2,TURKMENISTAN,0,0,0.00,1146.89
20,2,UKRAINE,1986,305,0.00,10.68
20,3,UKRAINE,1766,224,0.00,6.15
20,4,UKRAINE,15,0,0.00,0.00
22,1,UKRAINE,239,7,0.00,14.30
17,1,UNITED ARAB EMIRATES,2232638,2480816,22876.36,67074.09
17,2,UNITED ARAB EMIRATES,2429557,2287929,24256.87,73158.22
17,3,UNITED ARAB EMIRATES,2294182,2491551,23360.12,70603.84
17,4,UNITED ARAB EMIRATES,2459014,2350725,21954.06,64688.30
18,1,UNITED ARAB EMIRATES,2319555,2461987,22188.63,62031.26
18,4,UNITED ARAB EMIRATES,2468169,2304122,22194.08,67134.79
19,2,UNITED ARAB EMIRATES,2426441,2343052,22640.91,67592.49
19,3,UNITED ARAB EMIRATES,2334250,2487798,21827.58,68553.14
19,4,UNITED ARAB EMIRATES,2571754,2413505,19376.10,69732.93
20,1,UNITED ARAB EMIRATES,1899205,2018687,14160.81,52680.97
20,2,UNITED ARAB EMIRATES,94224,555,2382.67,11787.62
20,3,UNITED ARAB EMIRATES,376073,238246,8056.95,29032.52
20,4,UNITED ARAB EMIRATES,749369,716832,15280.87,36181.31
21,1,UNITED ARAB EMIRATES,1103460,1138017,23208.30,50344.77
21,2,UNITED ARAB EMIRATES,643669,338339,23398.25,56115.90
21,3,UNITED ARAB EMIRATES,692134,779141,17934.93,60268.27
21,4,UNITED ARAB EMIRATES,1617110,1918552,22598.94,61430.84
22,1,UNITED ARAB EMIRATES,1556795,1841632,21761.32,53798.74
22,2,UNITED ARAB EMIRATES,2055460,2056106,23134.37,53183.43
22,3,UNITED ARAB EMIRATES,2062070,2347752,23947.16,61593.10
22,4,UNITED ARAB EMIRATES,2401404,2298908,22518.59,56407.21
23,1,UNITED ARAB EMIRATES,2311264,2575260,21933.16,53442.48
23,2,UNITED ARAB EMIRATES,2371961,2397885,21883.57,58537.62
23,3,UNITED ARAB EMIRATES,2257150,2652926,19985.24,56129.23
23,4,UNITED ARAB EMIRATES,2572608,2498226,18252.97,53977.37
24,1,UNITED ARAB EMIRATES,2553097,2778437,22705.11,67051.96
24,2,UNITED ARAB EMIRATES,2646533,2607307,25498.12,66898.91
24,3,UNITED ARAB EMIRATES,2477881,2792726,21127.82,66473.13
24,4,UNITED ARAB EMIRATES,2894881,2754776,23902.16,66643.48
25,1,UNITED ARAB EMIRATES,2671636,2965213,27393.02,69168.50
25,2,UNITED ARAB EMIRATES,2874074,2958406,27965.87,71777.31
25,3,UNITED ARAB EMIRATES,2774795,3145784,31284.66,71260.46
15,1,UNITED ARAB EMIRATES*,1856057,2085164,21927.39,61610.40
15,2,UNITED ARAB EMIRATES*,2005922,2067897,24560.52,64074.43
15,3,UNITED ARAB EMIRATES*,1917438,2080672,22416.61,63446.14
15,4,UNITED ARAB EMIRATES*,2133864,2115129,21698.90,108131.41
16,1,UNITED ARAB EMIRATES*,2138916,2277408,19852.81,60252.06
16,2,UNITED ARAB EMIRATES*,2265177,2264199,22001.39,69673.92
16,3,UNITED ARAB EMIRATES*,2199744,2338669,20712.80,63040.22
16,4,UNITED ARAB EMIRATES*,2384541,2254538,23254.39,67823.89
18,2,UNITED ARAB EMIRATES*,2413934,2348014,24453.27,69372.59
18,3,UNITED ARAB EMIRATES*,2223918,2420844,25852.65,67735.56
19,1,UNITED ARAB EMIRATES*,2269565,2431753,22476.60,69534.95
15,1,UNITED KINGDOM,279656,311898,10483.88,14570.80
15,2,UNITED KINGDOM,271143,358553,12128.34,18944.96
15,3,UNITED KINGDOM,319070,342803,12397.97,16947.92
15,4,UNITED KINGDOM,339201,258246,10486.92,15113.71
16,1,UNITED KINGDOM,330255,357118,11071.02,17278.29
16,2,UNITED KINGDOM,248339,329780,10223.40,17349.83
16,3,UNITED KINGDOM,317249,325342,13170.20,20105.62
16,4,UNITED KINGDOM,344803,271671,11162.78,16590.29
17,1,UNITED KINGDOM,311543,337464,13194.91,19492.10
17,2,UNITED KINGDOM,282646,336866,13219.05,20929.80
17,3,UNITED KINGDOM,325029,322838,14617.45,19462.58
17,4,UNITED KINGDOM,375865,298027,12666.22,21404.02
18,1,UNITED KINGDOM,363627,392360,13583.78,20170.70
18,2,UNITED KINGDOM,296108,364806,12492.02,22126.10
18,3,UNITED KINGDOM,335074,358155,13151.94,22446.46
18,4,UNITED KINGDOM,404035,323758,12588.97,23098.41
19,1,UNITED KINGDOM,367842,413731,10480.13,22105.14
19,2,UNITED KINGDOM,238310,277583,8730.36,16590.97
19,3,UNITED KINGDOM,533852,628242,7037.95,21415.09
19,4,UNITED KINGDOM,274398,230704,7057.54,14443.13
20,1,UNITED KINGDOM,215074,256550,6752.26,13199.23
20,2,UNITED KINGDOM,11739,15600,304.12,810.15
20,3,UNITED KINGDOM,33764,47280,2353.41,6297.92
20,4,UNITED KINGDOM,91910,74056,5046.59,8720.65
21,1,UNITED KINGDOM,64299,78062,4529.74,6224.53
21,2,UNITED KINGDOM,26602,60613,5320.92,7671.29
21,3,UNITED KINGDOM,69077,118249,6589.17,10364.62
21,4,UNITED KINGDOM,142979,148168,5928.23,8408.71
22,1,UNITED KINGDOM,123337,145256,5120.66,7429.65
22,2,UNITED KINGDOM,222421,251789,8668.28,14094.84
22,3,UNITED KINGDOM,281886,327907,11400.31,15963.77
22,4,UNITED KINGDOM,344961,293076,8629.90,15545.64
23,1,UNITED KINGDOM,327504,372052,8167.40,15267.24
23,2,UNITED KINGDOM,324538,396978,7930.71,16821.81
23,3,UNITED KINGDOM,359186,419858,7805.88,17676.34
23,4,UNITED KINGDOM,451509,380470,9595.73,21386.00
24,1,UNITED KINGDOM,436313,448862,10607.74,27001.05
24,2,UNITED KINGDOM,370502,424362,9217.55,20263.81
24,3,UNITED KINGDOM,405672,434601,9686.05,23990.07
24,4,UNITED KINGDOM,532894,439971,10187.22,28229.48
25,1,UNITED KINGDOM,497063,563219,11394.55,31213.81
25,2,UNITED KINGDOM,421186,505093,12499.63,35661.75
25,3,UNITED KINGDOM,429687,449126,15742.65,38211.57
15,1,UNITED STATES,89464,105233,1449.09,1449.30
15,2,UNITED STATES,83597,99176,1263.90,1595.90
15,3,UNITED STATES,94023,110012,1217.48,1404.02
15,4,UNITED STATES,98269,82713,1179.63,1201.17
16,1,UNITED STATES,122017,143470,1220.83,1807.88
16,2,UNITED STATES,108922,132912,1059.82,1943.41
16,3,UNITED STATES,115172,130830,1120.16,2225.51
16,4,UNITED STATES,141495,120505,1444.41,2542.40
17,1,UNITED STATES,120375,142848,1666.34,2412.20
17,2,UNITED STATES,117562,145869,1621.64,2802.10
17,3,UNITED STATES,139375,156333,1838.86,3245.08
17,4,UNITED STATES,160142,136347,2449.00,3383.91
18,1,UNITED STATES,143491,153131,2597.31,2577.89
18,2,UNITED STATES,141704,161626,2517.59,3003.75
18,3,UNITED STATES,145667,164451,2188.79,3713.88
18,4,UNITED STATES,173528,138945,2455.64,4362.06
19,1,UNITED STATES,144985,172642,2242.92,3360.56
19,2,UNITED STATES,122937,143765,1635.11,2806.70
19,3,UNITED STATES,146878,154479,1582.55,2700.58
19,4,UNITED STATES,212741,176097,2018.78,4232.78
20,1,UNITED STATES,155918,175105,1793.84,2960.43
20,2,UNITED STATES,21279,25844,355.52,1038.33
20,3,UNITED STATES,61753,73596,1196.01,2681.64
20,4,UNITED STATES,96457,83283,2031.98,3829.37
21,1,UNITED STATES,136870,149156,2593.33,4565.77
21,2,UNITED STATES,71004,104842,3293.80,4604.21
21,3,UNITED STATES,106150,129676,2303.84,4274.21
21,4,UNITED STATES,174583,151957,2571.08,4716.66
22,1,UNITED STATES,184652,195077,3072.04,3119.62
22,2,UNITED STATES,162391,166411,1961.07,2034.55
22,3,UNITED STATES,176352,184127,2358.20,2020.82
22,4,UNITED STATES,191055,159551,2585.28,2970.50
23,1,UNITED STATES,178738,176962,2719.66,2896.05
23,2,UNITED STATES,180878,183617,2258.47,2998.96
23,3,UNITED STATES,176414,200837,2438.41,3324.83
23,4,UNITED STATES,218242,181761,2825.72,5480.88
24,1,UNITED STATES,224485,234487,2517.46,4378.12
24,2,UNITED STATES,205398,220873,2817.14,2774.71
24,3,UNITED STATES,206753,215548,2801.73,2911.79
24,4,UNITED STATES,225702,184685,2628.15,3451.25
25,1,UNITED STATES,203739,217684,2522.63,2435.00
25,2,UNITED STATES,166130,187265,2130.02,1884.12
25,3,UNITED STATES,156102,161079,3351.31,3152.94
15,1,UZBEKISTAN,10220,12720,468.32,1593.33
15,2,UZBEKISTAN,12503,12985,878.42,2010.09
15,3,UZBEKISTAN,14620,12925,2570.15,2183.58
15,4,UZBEKISTAN,13289,11689,1128.64,1503.88
16,1,UZBEKISTAN,11584,12522,861.42,1923.77
16,2,UZBEKISTAN,11547,13175,994.06,2122.48
16,3,UZBEKISTAN,13807,13301,1118.07,1709.91
16,4,UZBEKISTAN,14028,11794,1012.89,1329.77
17,1,UZBEKISTAN,12585,14158,949.63,1360.33
17,2,UZBEKISTAN,12528,13149,857.42,1561.09
17,3,UZBEKISTAN,13490,13132,963.36,1292.23
17,4,UZBEKISTAN,13886,12341,984.85,1186.97
18,1,UZBEKISTAN,13022,12121,689.51,1198.48
18,2,UZBEKISTAN,13596,13739,353.23,1029.28
18,3,UZBEKISTAN,14414,15264,93.53,472.89
18,4,UZBEKISTAN,16898,13948,14.13,381.16
19,1,UZBEKISTAN,16205,18668,14.99,383.27
19,2,UZBEKISTAN,22402,22174,13.61,567.45
19,3,UZBEKISTAN,9594,14582,26.31,228.03
19,4,UZBEKISTAN,17030,14768,20.03,287.81
20,1,UZBEKISTAN,7115,8511,95.54,140.95
20,2,UZBEKISTAN,138,468,0.00,386.20
20,3,UZBEKISTAN,540,171,1.28,217.90
20,4,UZBEKISTAN,1109,970,7.74,132.85
21,1,UZBEKISTAN,2235,2303,9.62,49.79
21,2,UZBEKISTAN,2405,4009,65.87,220.06
21,3,UZBEKISTAN,2741,4827,60.23,269.45
21,4,UZBEKISTAN,3396,3266,62.11,184.51
22,1,UZBEKISTAN,4314,4497,35.13,270.40
22,2,UZBEKISTAN,8066,6423,69.87,354.35
22,3,UZBEKISTAN,9592,9008,138.65,476.74
22,4,UZBEKISTAN,10853,10440,89.43,464.36
23,1,UZBEKISTAN,10760,11353,90.33,379.97
23,2,UZBEKISTAN,14697,14211,42.96,429.17
23,3,UZBEKISTAN,12010,16855,54.69,676.85
23,4,UZBEKISTAN,19236,23061,55.37,700.67
24,1,UZBEKISTAN,21509,23640,87.89,732.61
24,2,UZBEKISTAN,27959,25862,42.12,743.99
24,3,UZBEKISTAN,25789,31476,69.23,740.77
24,4,UZBEKISTAN,29364,33597,89.84,529.83
25,1,UZBEKISTAN,27016,28252,60.30,446.05
25,2,UZBEKISTAN,21921,19374,59.53,583.69
25,3,UZBEKISTAN,16869,19302,593.80,564.86
19,3,VENEZUELA,8697,7625,290.29,447.46
15,1,VIETNAM,977,943,0.65,51.59
15,2,VIETNAM,1196,687,0.00,81.90
15,3,VIETNAM,1828,1081,0.43,49.81
15,4,VIETNAM,2267,1643,1.74,49.42
16,1,VIETNAM,2245,1902,0.00,45.93
16,2,VIETNAM,0,0,0.00,0.00
16,3,VIETNAM,0,0,0.00,0.00
16,4,VIETNAM,0,0,0.00,0.00
17,1,VIETNAM,0,0,0.00,0.00
17,2,VIETNAM,0,0,0.00,0.00
17,3,VIETNAM,0,0,0.00,0.00
17,4,VIETNAM,0,0,0.00,0.00
18,1,VIETNAM,0,0,0.00,0.00
19,2,VIETNAM,0,0,30.68,20.32
19,3,VIETNAM,0,0,25.05,5.74
19,4,VIETNAM,16447,17767,194.84,101.65
20,1,VIETNAM,12186,10751,435.51,127.43
20,2,VIETNAM,118,0,501.82,68.73
20,3,VIETNAM,250,515,1689.61,81.05
20,4,VIETNAM,264,548,3445.27,312.40
21,1,VIETNAM,146,221,3515.18,338.19
21,2,VIETNAM,307,315,1978.32,198.61
21,3,VIETNAM,0,81,3324.53,95.02
21,4,VIETNAM,520,330,3009.01,138.91
22,1,VIETNAM,458,562,5175.17,126.86
22,2,VIETNAM,9378,11342,1690.12,35.83
22,3,VIETNAM,22356,27092,750.02,273.08
22,4,VIETNAM,36092,37885,1143.26,1498.73
23,1,VIETNAM,44210,48781,961.50,904.28
23,2,VIETNAM,90687,90512,2252.21,1402.11
23,3,VIETNAM,66028,68738,2012.18,733.76
23,4,VIETNAM,95432,91380,2160.08,1593.91
24,1,VIETNAM,80862,89087,2108.65,1209.77
24,2,VIETNAM,83910,86644,2401.34,1461.86
24,3,VIETNAM,78353,82717,3119.14,1204.44
24,4,VIETNAM,117040,114462,3141.53,2366.26
25,1,VIETNAM,113988,119251,5172.63,1985.41
25,2,VIETNAM,120433,123106,3613.21,1608.37
25,3,VIETNAM,110504,110879,3554.17,1717.30
15,1,YEMEN,6841,7102,2.20,151.51
15,2,YEMEN,0,318,0.00,0.00
15,3,YEMEN,21,725,0.00,1.29
15,4,YEMEN,44,374,0.00,2.29
16,1,YEMEN,59,217,0.00,3.26
16,2,YEMEN,430,765,0.00,6.80
16,3,YEMEN,582,580,0.00,3.01
16,4,YEMEN,1111,1268,0.00,3.88
17,1,YEMEN,1676,1543,0.00,14.37
17,2,YEMEN,1713,1696,0.00,9.44
17,3,YEMEN,2065,2033,0.00,3.20
17,4,YEMEN,1990,2205,0.00,9.31
18,1,YEMEN,2021,2061,0.12,8.74
18,2,YEMEN,1898,2044,0.00,6.02
18,3,YEMEN,1936,2094,0.00,8.15
18,4,YEMEN,2288,1903,0.00,11.66
19,1,YEMEN,2808,2663,0.00,8.38
19,2,YEMEN,2499,3076,0.00,9.23
19,3,YEMEN,2948,3084,0.00,9.80
19,4,YEMEN,3523,3231,0.00,24.76
20,1,YEMEN,2919,3177,0.00,22.12
20,2,YEMEN,24,884,0.00,0.36
20,3,YEMEN,51,2412,0.00,1.53
20,4,YEMEN,104,447,0.00,0.00
21,1,YEMEN,738,622,0.00,5.66
21,2,YEMEN,386,546,0.00,4.32
21,3,YEMEN,367,879,0.00,5.07
21,4,YEMEN,1617,1255,0.27,14.66
22,1,YEMEN,2405,2147,0.00,19.91
22,2,YEMEN,2233,2142,0.00,18.73
22,3,YEMEN,2842,2744,0.14,24.36
22,4,YEMEN,3597,3277,0.00,31.14
23,1,YEMEN,3104,3361,0.00,24.77
23,2,YEMEN,2735,2807,0.14,28.84
23,3,YEMEN,3365,3486,0.00,26.76
23,4,YEMEN,1906,2538,0.00,34.17
24,1,YEMEN,1576,2306,0.21,31.59
24,2,YEMEN,472,1131,0.00,4.00
24,3,YEMEN,392,810,0.00,5.71
24,4,YEMEN,327,678,0.00,7.35
25,1,YEMEN,219,598,0.00,2.39
25,2,YEMEN,230,863,0.00,3.16
25,3,YEMEN,192,988,0.32,6.93
